{"type": "FeatureCollection", "crs": {"type": "name", "properties": {"name": "EPSG:4326"}}, "features": [{"type": "Feature", "geometry": {"type": "MultiPolygon", "coordinates": [[[[-1.80146463946931, 53.4809924806712], [-1.80146466287506, 53.4809874580227], [-1.80147063244941, 53.4809917598487], [-1.80146463946931, 53.4809924806712]]], [[[-1.69945681512277, 53.5027996154792], [-1.69854356324353, 53.50253664891], [-1.69845750935049, 53.502541825241], [-1.69826681505806, 53.5024388174646], [-1.69826269122772, 53.5023893851034], [-1.69714393886852, 53.5017663669445], [-1.69680269043974, 53.50163341443], [-1.6964806113318, 53.5015490334154], [-1.69631218893561, 53.5014964004886], [-1.69596047539651, 53.5013499400563], [-1.69579531995486, 53.501257866207], [-1.69517145724346, 53.5009992002284], [-1.69465740257346, 53.5007857395761], [-1.6938437378431, 53.5005292799517], [-1.69348122379901, 53.5004178296911], [-1.6935522525667, 53.5003928503653], [-1.69355293879803, 53.5002976016224], [-1.69337126022761, 53.500188319715], [-1.69298117498041, 53.5001432931539], [-1.69247879503767, 53.4999856548868], [-1.69217070959693, 53.4998598729524], [-1.69141397666644, 53.4996413730093], [-1.69096566314448, 53.4995197202727], [-1.69071129936715, 53.4994597593303], [-1.6905684046358, 53.499829699207], [-1.69051560696996, 53.4998430423348], [-1.68984684061822, 53.4997667350025], [-1.68918232606869, 53.4997209875398], [-1.68897608906294, 53.4996916990772], [-1.68886048785933, 53.4996248152725], [-1.68876771111228, 53.4995302233646], [-1.68873057785322, 53.4994582403246], [-1.68876329824706, 53.4993009823583], [-1.68879631378782, 53.4991204513652], [-1.68787897043691, 53.4990282141354], [-1.68739952047144, 53.4990359537712], [-1.68705240312271, 53.4990826756685], [-1.68682005135835, 53.4991063320174], [-1.6864383924201, 53.4991511653242], [-1.68590725673704, 53.4992234620303], [-1.6854515570381, 53.4992797800356], [-1.68492493147495, 53.4993467827955], [-1.68469844067809, 53.4994010028463], [-1.68446725821812, 53.4994677893928], [-1.6839847191014, 53.4988867525308], [-1.68366986768302, 53.4990567447397], [-1.68340804417819, 53.4991989308597], [-1.68319001270956, 53.4993188561004], [-1.68283477435879, 53.4994536056746], [-1.68259310781451, 53.4995257531746], [-1.68230180065244, 53.4995708107511], [-1.68220470786909, 53.4994402590365], [-1.68214419277482, 53.4994715495394], [-1.68220374784717, 53.4995687545973], [-1.68208553710468, 53.4996529989374], [-1.68189058090073, 53.4997279643236], [-1.6812863684708, 53.499880021486], [-1.6811157315059, 53.4999272839228], [-1.68115893575054, 53.5000001844773], [-1.68111016212656, 53.5000566661639], [-1.68062216222942, 53.5002081297162], [-1.68050258915559, 53.5002743974427], [-1.68046279339332, 53.5003434828584], [-1.68044875956373, 53.5004081434602], [-1.68044939311894, 53.5005222660355], [-1.67900329228116, 53.5005769087323], [-1.67833986418307, 53.5006011936205], [-1.67729806806855, 53.500610081173], [-1.67700734838224, 53.5005760525506], [-1.67698236527615, 53.500494123999], [-1.67683919975552, 53.5004910433412], [-1.67684164989135, 53.5005612290293], [-1.67676277717867, 53.5006194255673], [-1.67457926059226, 53.5007006934723], [-1.67362198228497, 53.5007097779086], [-1.67235404419808, 53.5007242987863], [-1.6715036987954, 53.5007282665951], [-1.67010326280074, 53.5007262255847], [-1.66962103754786, 53.5007042331346], [-1.66905289349772, 53.500670319764], [-1.66874277054701, 53.5006227384795], [-1.66836778834548, 53.5005722817037], [-1.66764086996879, 53.5004174163781], [-1.66723165710002, 53.5003102457191], [-1.66636815654145, 53.5000750145505], [-1.6656776621152, 53.499889772653], [-1.66426809979116, 53.4995199161252], [-1.66365404474913, 53.499384300131], [-1.66281883056524, 53.4992075299551], [-1.66138877577605, 53.4989509837671], [-1.66019354099745, 53.4987390280887], [-1.65988207193589, 53.4986608632969], [-1.6593134083256, 53.4985252624945], [-1.6588426425518, 53.4983954203481], [-1.65845328134587, 53.4982513416404], [-1.65805344415967, 53.4981118140147], [-1.65756528804485, 53.4978892703737], [-1.65708614257518, 53.4976749282585], [-1.65663855903561, 53.4974776578044], [-1.65601832234507, 53.497190927652], [-1.65558712430776, 53.4970125717002], [-1.65514372185094, 53.4968531385754], [-1.6550899928061, 53.4967963714088], [-1.65496499305427, 53.4967771399532], [-1.65494829726346, 53.4967977593064], [-1.65429590067169, 53.4965711334419], [-1.65391257859767, 53.4964370301889], [-1.65377706013413, 53.4964276517846], [-1.65340714325891, 53.4963114685403], [-1.65327465959849, 53.4962958081033], [-1.65275907293333, 53.4961199811406], [-1.65206261479212, 53.495934550449], [-1.65165507668235, 53.4958147463945], [-1.6512792564074, 53.4956922482953], [-1.65121939433306, 53.4956417514317], [-1.65087181995734, 53.4955607602248], [-1.65064013854811, 53.4955178477311], [-1.65031378361488, 53.4954260434017], [-1.64999667185989, 53.4953136866542], [-1.64976209175648, 53.4952456038304], [-1.64929138691473, 53.4951012534882], [-1.64828940946266, 53.4948790466714], [-1.64797637334012, 53.494816120642], [-1.64755043647392, 53.4947446827729], [-1.64693908061671, 53.494672786148], [-1.64634737302159, 53.4945847686023], [-1.64509331380948, 53.4944012366804], [-1.64439153238599, 53.4943245648218], [-1.643806888368, 53.4942994592032], [-1.64309569648588, 53.4942784651278], [-1.64260746911196, 53.494256336543], [-1.6417324912098, 53.4941602598485], [-1.64126140383285, 53.4940805769927], [-1.64077854467551, 53.4939676977271], [-1.6403651924473, 53.4938360660711], [-1.63967988234657, 53.4935922747965], [-1.6392996717848, 53.4934661308228], [-1.63898697059797, 53.4933663386248], [-1.63796842192873, 53.4931457019705], [-1.63730475819517, 53.4930187819056], [-1.63634330841763, 53.4928225678468], [-1.63538176666841, 53.4926381173015], [-1.63477822745377, 53.4925301467144], [-1.63435081366446, 53.4924623424506], [-1.63391576743206, 53.4924008026208], [-1.633832964151, 53.4923906639202], [-1.63355882498969, 53.4923610673883], [-1.63328326497032, 53.4923377561259], [-1.63308143638185, 53.4923245556267], [-1.63282528667698, 53.4923129855051], [-1.63269723440346, 53.4923045037105], [-1.63136336103335, 53.4922967989136], [-1.63122929061515, 53.4922945881293], [-1.63014116043651, 53.4922804391954], [-1.62973728697001, 53.4922791876221], [-1.62888418748859, 53.4922756414779], [-1.62757273620128, 53.4922904294075], [-1.62645896839695, 53.4922806604171], [-1.62591046395824, 53.492262768318], [-1.62557626514392, 53.492223889455], [-1.62444675704079, 53.492125089784], [-1.62428208638493, 53.4921686036526], [-1.62326076980052, 53.4920899027767], [-1.62191013919426, 53.4919409580534], [-1.62110027677143, 53.4918277725121], [-1.62004830187506, 53.4916492020153], [-1.61892126469078, 53.4914442330697], [-1.61776735718202, 53.4912158043375], [-1.61709919422053, 53.4910878590544], [-1.616378600253, 53.4909453643511], [-1.61552603014173, 53.4907214754684], [-1.61494721540958, 53.4905676561585], [-1.61468210150864, 53.4908751128945], [-1.61464475103492, 53.4915140811361], [-1.61455758590629, 53.4926446078844], [-1.6145415656765, 53.4930822680604], [-1.61445802541691, 53.4931539768917], [-1.61386991126011, 53.4931862237895], [-1.61272656648241, 53.493269687242], [-1.61227514818631, 53.4933571841637], [-1.61209751149154, 53.4933350408054], [-1.61195444067504, 53.4933246911699], [-1.61177849172845, 53.493280986325], [-1.61150937124132, 53.4932064256992], [-1.61115170909305, 53.4930838589873], [-1.61097912272586, 53.4929988277503], [-1.61036425356852, 53.4926687415181], [-1.60988415466197, 53.4924145747297], [-1.60972830893644, 53.4923206103919], [-1.60965179858086, 53.4922889089968], [-1.60960376357239, 53.4922555029107], [-1.60955300968801, 53.4922068125807], [-1.60935302652044, 53.4916686118402], [-1.609192906382, 53.4917022348205], [-1.60919252671926, 53.4917435695264], [-1.60904386453914, 53.4918419298525], [-1.60906290321809, 53.4919067812198], [-1.60803948644973, 53.4922351027277], [-1.60749482487621, 53.4924615611694], [-1.60659084349599, 53.4929071721749], [-1.60482821597802, 53.4923233671653], [-1.60365021977645, 53.4919383628528], [-1.60280368471473, 53.4917117089495], [-1.60237072877647, 53.4915916519119], [-1.60222759871376, 53.4919075740575], [-1.60108156719463, 53.4916556488279], [-1.60006834792846, 53.491527357463], [-1.59827689144833, 53.4913002063208], [-1.5981370760433, 53.4912619951934], [-1.59714194953443, 53.4911408393242], [-1.59588775059703, 53.4908471675004], [-1.59514948961337, 53.490662255045], [-1.59368199337561, 53.4906114483041], [-1.59318512550803, 53.4905639306752], [-1.5927380233262, 53.4904976191188], [-1.59212200902849, 53.4903050166705], [-1.59074008440916, 53.4899767094603], [-1.59036317466649, 53.4899906950013], [-1.59024966920441, 53.4898796884052], [-1.58992560193478, 53.489723120426], [-1.58962348377047, 53.4896358181591], [-1.58958733260909, 53.4896347961413], [-1.58947900768195, 53.4896182494236], [-1.58941028708107, 53.4895541228286], [-1.58920677743423, 53.4894087495082], [-1.58902986946331, 53.4893012084338], [-1.58889615695678, 53.489262917831], [-1.58873157523209, 53.4891401426554], [-1.58849612292044, 53.4890216168196], [-1.58834500998145, 53.4889068846025], [-1.58819251953811, 53.4887805558229], [-1.58798537227329, 53.4886908817747], [-1.58785088404699, 53.4885663215267], [-1.58747808176361, 53.4883115420132], [-1.58740464703738, 53.4882726487251], [-1.58701990997041, 53.4881598952477], [-1.5869145635294, 53.4881442545253], [-1.58686638652347, 53.4881404945079], [-1.58669146121524, 53.4881497739945], [-1.5865392640487, 53.4881474511712], [-1.58645676107353, 53.4881085259728], [-1.58561843915292, 53.4879869200471], [-1.58535209150488, 53.487954546095], [-1.58515197252668, 53.4879224012736], [-1.58497106447956, 53.4879208748438], [-1.58479381370933, 53.487862750853], [-1.58453244444668, 53.4877782765909], [-1.58401545310091, 53.4877845743323], [-1.58346733707101, 53.4877332513749], [-1.58311686380423, 53.4876627530736], [-1.58291978837682, 53.4876243275309], [-1.58251157312496, 53.4876004436743], [-1.58239743186472, 53.4875694937731], [-1.58229495597931, 53.4875655436729], [-1.58229849406511, 53.4875089443714], [-1.58220584641602, 53.4874277476361], [-1.58213689842, 53.4873879698069], [-1.58208741755182, 53.4873652426454], [-1.58189441184953, 53.4873808354323], [-1.5811049049626, 53.4871991729178], [-1.58037903240711, 53.486991668123], [-1.58023351183766, 53.4869300553874], [-1.57962888365536, 53.4868021364584], [-1.5793130465931, 53.4867363307738], [-1.57848251368315, 53.4865967418398], [-1.57777527880839, 53.4864918172587], [-1.57718298744515, 53.486336881214], [-1.5763542628994, 53.486166821012], [-1.57488936237473, 53.4860204739906], [-1.57460086420266, 53.4860923284021], [-1.57420461582433, 53.4860791524354], [-1.57342559056812, 53.4862211508388], [-1.57296543768026, 53.4862608505407], [-1.57267900485636, 53.4862751073904], [-1.5718550155579, 53.4862416198314], [-1.57081436989969, 53.4863142841248], [-1.57081406187093, 53.4863448349736], [-1.56955746399591, 53.4863178721486], [-1.56935225409719, 53.4863360066963], [-1.56925097818012, 53.4863733843142], [-1.56922484577414, 53.4864263973475], [-1.569153593439, 53.4864683750603], [-1.56898925226868, 53.4863158335606], [-1.56862611181397, 53.4863217174057], [-1.56826945642452, 53.4862638239576], [-1.56800693358933, 53.4862970279414], [-1.56742693980972, 53.4862679844288], [-1.56721611142221, 53.4862519497981], [-1.56652114945557, 53.4861281365718], [-1.56575648381842, 53.4860408197758], [-1.56575718040503, 53.4859725285197], [-1.56641543195287, 53.4858571887766], [-1.56629056614113, 53.485685016613], [-1.56615086743973, 53.4856395835662], [-1.56521357527702, 53.485483436358], [-1.56517903058863, 53.4851794971819], [-1.56505969236984, 53.4849049043583], [-1.56405157129426, 53.4848967607804], [-1.56367020707039, 53.4847658898121], [-1.56345372165923, 53.484708492535], [-1.56319355321606, 53.4846581251763], [-1.56284285802743, 53.4846146162346], [-1.56247986648321, 53.4844496618013], [-1.5622967537235, 53.4843735133825], [-1.56216873724394, 53.4843649602898], [-1.56195176156394, 53.4843677644361], [-1.56167117819319, 53.4843936992364], [-1.56131950540857, 53.4844454334975], [-1.5611597945175, 53.4844376625241], [-1.56086434533739, 53.4843026926665], [-1.56108311250427, 53.4841380606934], [-1.56113202488432, 53.4840699463432], [-1.56114130347358, 53.4840376305616], [-1.56113265466873, 53.4840088438442], [-1.56110736501525, 53.4839790984256], [-1.56107292180626, 53.4839574065467], [-1.56103987786284, 53.4839447055816], [-1.56077217411478, 53.4838907100123], [-1.56053020625282, 53.4838232406606], [-1.56043695768848, 53.4838049272299], [-1.55984220971508, 53.4837524299305], [-1.55956408251114, 53.4836974964314], [-1.55926844494421, 53.4835697109347], [-1.55892969677418, 53.4833940510935], [-1.55847820104128, 53.4830562307259], [-1.55820650455297, 53.4828017386224], [-1.55789482946689, 53.4824850970159], [-1.55780742692156, 53.4823472908914], [-1.55774365858707, 53.4822427293653], [-1.55771018265256, 53.4821284844766], [-1.55768238121845, 53.481910832352], [-1.55771755527198, 53.4817186633503], [-1.55770484480986, 53.4816268699483], [-1.55768272887252, 53.4815791629463], [-1.55765605644757, 53.4815395270363], [-1.55743392201739, 53.4813112749201], [-1.55732554246909, 53.4811599119992], [-1.55727672548511, 53.4810635829993], [-1.55726657614791, 53.4810240069492], [-1.557230834598, 53.4808413707402], [-1.55723362630772, 53.4805735107372], [-1.55735896426504, 53.4802656645051], [-1.55520774401559, 53.479776885822], [-1.55361442802072, 53.4794041733187], [-1.55151750763366, 53.4789110361198], [-1.5496581099153, 53.4784942354161], [-1.5493476487315, 53.4779312703295], [-1.54905415317927, 53.4776083822652], [-1.54876492498261, 53.4773169612199], [-1.54862075154115, 53.4771357119089], [-1.54847241099986, 53.4769141008738], [-1.54835362041487, 53.4766125354029], [-1.54830094823253, 53.4764603846614], [-1.54828760833702, 53.4764414640194], [-1.54815802030161, 53.4763025931994], [-1.54784744898269, 53.4760335537379], [-1.5475254450087, 53.4757069609246], [-1.54723247463936, 53.4753490257384], [-1.54704787874795, 53.4751388669258], [-1.54656659121061, 53.4746300648851], [-1.54624224430731, 53.4743970032122], [-1.54604365739288, 53.474218240837], [-1.5459307699452, 53.4740758369495], [-1.54579023766119, 53.4739745732615], [-1.54564809153856, 53.4738733931908], [-1.54555493887808, 53.4738487782631], [-1.54532438177635, 53.4737211149423], [-1.54474690281061, 53.4731967544836], [-1.54449914134233, 53.4729827587307], [-1.54422288989439, 53.4727497838896], [-1.54362863536164, 53.4726675533716], [-1.5444863076146, 53.4722106363294], [-1.54554351662165, 53.4719683328793], [-1.54612780135932, 53.4718437493636], [-1.54662633844466, 53.4717225230702], [-1.54747776831223, 53.471554998104], [-1.54806668740079, 53.4714259291813], [-1.54812048058338, 53.4713317787728], [-1.54796650898317, 53.4712214812295], [-1.54746005254824, 53.4709562867961], [-1.54671976937114, 53.4705920816246], [-1.5457024202428, 53.4700732548163], [-1.54548838499351, 53.4699357685811], [-1.54537329927907, 53.4698490685083], [-1.54495035745488, 53.4693971807789], [-1.54436687905519, 53.4687316267552], [-1.54428736407183, 53.468143463036], [-1.544238180253, 53.4679580757307], [-1.54415870982246, 53.4677825481164], [-1.5440446466913, 53.4676014071005], [-1.54340359105735, 53.4668421749602], [-1.54330415591472, 53.4666988308125], [-1.54296883555793, 53.4662230069851], [-1.54289162977489, 53.4661147915348], [-1.54276032261469, 53.4658634937375], [-1.54253531500589, 53.4653521448651], [-1.54234466881938, 53.4650179494542], [-1.54212910106986, 53.4647492562683], [-1.54197458949798, 53.4645544807817], [-1.54176320517736, 53.4643128511819], [-1.54147564694442, 53.4640295041792], [-1.54127883942523, 53.4638417554184], [-1.54108435189275, 53.4637152092065], [-1.54083057813844, 53.4635011825507], [-1.54079427452244, 53.4635163198717], [-1.54028993538831, 53.4630793810639], [-1.53966169162714, 53.4626742245168], [-1.53947447860849, 53.4625764587762], [-1.5393315371646, 53.4624159605942], [-1.53917187931614, 53.4619991175221], [-1.53904691905296, 53.4617154899714], [-1.53954665167716, 53.4616122703182], [-1.53967279409383, 53.4616495958456], [-1.53986157038236, 53.4616026929812], [-1.54007533341677, 53.4614732150616], [-1.54013748087047, 53.4614338241763], [-1.5402297230909, 53.4612643429636], [-1.54031784676162, 53.4610507238251], [-1.54027048993994, 53.4608365864028], [-1.54019734621461, 53.4603545678674], [-1.5400737927891, 53.4599406504469], [-1.53998664204212, 53.4596400956254], [-1.53982134971918, 53.4591935775178], [-1.53970760870717, 53.4589864645015], [-1.53958084134737, 53.4584574239734], [-1.53955439847173, 53.458113068973], [-1.53955722327695, 53.4578523963198], [-1.53945462488227, 53.4577288949468], [-1.54040941252812, 53.457040360431], [-1.54055018395719, 53.4569753011512], [-1.54037939397721, 53.4564749371407], [-1.54026087571888, 53.4561589852868], [-1.54041795550698, 53.4561127692617], [-1.54114296590892, 53.4559196460642], [-1.54120369649144, 53.456010636345], [-1.54213180586042, 53.4559710439243], [-1.5437247027742, 53.4558755609652], [-1.54703997887494, 53.4556849305985], [-1.55032038502578, 53.4555012660625], [-1.55138413683591, 53.455454920319], [-1.55169360673599, 53.4549563657232], [-1.55220030172883, 53.4541690187141], [-1.55232182101072, 53.4539366461958], [-1.55243584821751, 53.4536845651959], [-1.55254558531327, 53.4534153053647], [-1.55258443959906, 53.4528734164751], [-1.55254929277113, 53.4527798305853], [-1.55249431500133, 53.4527067500147], [-1.55236435485532, 53.4526092159282], [-1.55217101057203, 53.4525177362497], [-1.55126647673295, 53.4521916721181], [-1.55085231775076, 53.4520471582014], [-1.55046395364739, 53.4518938424649], [-1.54981062562278, 53.4515893773798], [-1.54873433905802, 53.4511295706926], [-1.54862957439307, 53.4510689709128], [-1.54827221872317, 53.4508268037511], [-1.54769749390011, 53.4503607851494], [-1.54749330996541, 53.4501577415169], [-1.54741195549203, 53.4500208487069], [-1.5473833460355, 53.4498859513614], [-1.54739742398285, 53.4498346941674], [-1.54743144255467, 53.449753049897], [-1.54766310401802, 53.4494851521402], [-1.54788488766941, 53.449305368364], [-1.54842220011562, 53.4488974493494], [-1.54872837633166, 53.4487080965101], [-1.54904694403869, 53.4484854526866], [-1.54915604626977, 53.4484175680737], [-1.54939851280288, 53.4482764101368], [-1.54976338018996, 53.4480890725159], [-1.54988148570797, 53.4480266132217], [-1.54992395144401, 53.448002420547], [-1.55000735235344, 53.4479461212965], [-1.55025750924323, 53.4477817155059], [-1.55043677144614, 53.4476295353118], [-1.55075397560147, 53.4472523220532], [-1.55092031915607, 53.4470416843609], [-1.55117390970287, 53.446692088602], [-1.55124296872812, 53.446571036259], [-1.55126003835603, 53.4465180828729], [-1.55127642565123, 53.4464003374853], [-1.55126185631079, 53.4462043893524], [-1.55121281797568, 53.4461457967816], [-1.55110214938864, 53.4460689132168], [-1.55097201095246, 53.4459902489472], [-1.55055363255516, 53.4458278351763], [-1.55019187717689, 53.4457230526055], [-1.54997238479346, 53.4457006642958], [-1.54946150339708, 53.4454587333945], [-1.54879136009573, 53.4451812474486], [-1.54846468722397, 53.4450352556783], [-1.54835096135413, 53.4449782164145], [-1.54828512206749, 53.4449357343218], [-1.54811200444402, 53.444790318912], [-1.54793799966109, 53.4445883780676], [-1.54769676718859, 53.4441946035331], [-1.54732468723935, 53.4437905396602], [-1.54694368695444, 53.4433738605165], [-1.54670879630229, 53.4430970147158], [-1.5465275882447, 53.4428617068067], [-1.54644050477293, 53.4427050210774], [-1.54634678793318, 53.442309103941], [-1.54627694182682, 53.4420841907801], [-1.54624965062829, 53.4419662808894], [-1.54618420191477, 53.4418878555464], [-1.54592927553322, 53.4417916410411], [-1.54560671301519, 53.4416941804594], [-1.54517424559808, 53.4415901034055], [-1.54499823098592, 53.4415669715513], [-1.54473955085205, 53.4415435260975], [-1.54366905124203, 53.441418152605], [-1.54299348651137, 53.4413777526019], [-1.54249732922903, 53.4413219473234], [-1.54225991784633, 53.4412833014262], [-1.54205853997787, 53.4412411979353], [-1.54166373196408, 53.4411453387099], [-1.5414325796621, 53.441078858555], [-1.54116661606937, 53.441029228859], [-1.54101184041944, 53.4410052733933], [-1.54080134471214, 53.440980206716], [-1.5405561510779, 53.4409612971259], [-1.54011809043098, 53.4409515324293], [-1.53934164231562, 53.4409206999513], [-1.53881588884406, 53.4408135461704], [-1.5381456498928, 53.4408442181036], [-1.53784749910731, 53.4408556514325], [-1.53770421130617, 53.4408712748397], [-1.53740462026711, 53.4408782081293], [-1.53721258411565, 53.4408109715823], [-1.53691316795965, 53.4406650526051], [-1.53678619950784, 53.4405729063363], [-1.5367398233007, 53.4405457688795], [-1.53661996584998, 53.4404958836081], [-1.53653584915962, 53.4404694992857], [-1.53605682681189, 53.4403579303596], [-1.53597432450848, 53.4403315527739], [-1.53571794084104, 53.440235309739], [-1.53531893725985, 53.4401052664436], [-1.53498354669671, 53.4399358393005], [-1.53484027345245, 53.4398256550685], [-1.53458861477556, 53.4395702853845], [-1.53435780375153, 53.4393383599784], [-1.53417481340493, 53.4391488534576], [-1.53409596121586, 53.4390613831732], [-1.53405748950005, 53.4389929393771], [-1.53399364160522, 53.4387823287175], [-1.53398944131021, 53.4386106797219], [-1.53376647720357, 53.438625988526], [-1.53358263414674, 53.4386504348991], [-1.53349681521361, 53.4386438110493], [-1.53337710418302, 53.43858134221], [-1.5332307865971, 53.4384665603535], [-1.5329989896451, 53.4383254766296], [-1.5329268641654, 53.4383153110999], [-1.53282906233305, 53.4383149303143], [-1.53253350962086, 53.4383623031945], [-1.53217244984442, 53.4383393294906], [-1.53220164139019, 53.4384275064988], [-1.53205594913898, 53.438526773031], [-1.53193637878857, 53.4387222025803], [-1.53155656399118, 53.438632657101], [-1.53130862076683, 53.4385831646823], [-1.53107543813478, 53.4385795569775], [-1.53061296650082, 53.4386020115836], [-1.53010232341655, 53.4386368553468], [-1.52965689906977, 53.4386216307093], [-1.52932568540728, 53.4386158393265], [-1.528863237856, 53.4386472723403], [-1.52843391259331, 53.4386689498705], [-1.52827630236461, 53.4386332845018], [-1.52830718560764, 53.4385570240701], [-1.52790091410858, 53.4385482370037], [-1.52771716423158, 53.4385529061084], [-1.52751857768395, 53.43867523269], [-1.52730483290745, 53.4388100806717], [-1.52645637728065, 53.4390296796601], [-1.5263640314224, 53.4390742458537], [-1.526320958585, 53.4391523445211], [-1.52631612862457, 53.4393185678953], [-1.5259436475644, 53.439506793533], [-1.52567090848468, 53.439944326305], [-1.52559340046451, 53.4401382091013], [-1.52554235894585, 53.4402629137199], [-1.52548766708898, 53.4403031356772], [-1.52534423966867, 53.4403421069554], [-1.52527771818857, 53.4403634103529], [-1.52518744366412, 53.4403666478233], [-1.52504325540928, 53.4403292345973], [-1.5249286999421, 53.4403503477131], [-1.52481660580191, 53.4404066062538], [-1.52458837709233, 53.4404919684709], [-1.52451544583483, 53.4405536833869], [-1.52449209192639, 53.4406218858502], [-1.52431995004063, 53.4407974211824], [-1.52420811062343, 53.4408419077744], [-1.52413829672482, 53.4408910552157], [-1.5241149420277, 53.4409592567293], [-1.52415913548176, 53.4410475855861], [-1.52423063133105, 53.4411143662358], [-1.52423742485136, 53.4411728024163], [-1.5241874428038, 53.441202258825], [-1.52411518378567, 53.4412037692274], [-1.52402264957188, 53.4412645082273], [-1.52383592840609, 53.4412673614042], [-1.52374673796404, 53.4413065469561], [-1.52372649001114, 53.4413631689569], [-1.52386155051568, 53.4414068377459], [-1.52395929900178, 53.4414126168004], [-1.52397221435789, 53.4414674836107], [-1.52385140027525, 53.4416369316899], [-1.52378044849084, 53.4417876167701], [-1.52379012270873, 53.4418658340942], [-1.52385095597763, 53.4419425464667], [-1.52384414196441, 53.4420189010268], [-1.5236954799438, 53.4421144615463], [-1.52356365238316, 53.4421921177758], [-1.5235234137698, 53.4422935895279], [-1.52357827708728, 53.442360304018], [-1.52357747148983, 53.4424321889644], [-1.52329745317874, 53.4425740457506], [-1.52328856222074, 53.4426917269849], [-1.523484349362, 53.4428219031748], [-1.52337530937072, 53.4428817668231], [-1.52318813908802, 53.4429241564005], [-1.52323971094543, 53.4430187145415], [-1.5232419949581, 53.4430807269859], [-1.52317668897195, 53.443137079675], [-1.52295297020974, 53.4432171549794], [-1.52285288771943, 53.4432751670446], [-1.52269274698861, 53.4433311425815], [-1.52252752813229, 53.4434302304235], [-1.52210205197252, 53.4436460898199], [-1.52200516156339, 53.4438174269276], [-1.5219356673902, 53.443848601388], [-1.52183746515955, 53.4438715744447], [-1.52175462057047, 53.4438757370167], [-1.52170317506767, 53.4439024898257], [-1.5216694564044, 53.4439535761691], [-1.52166818241279, 53.4440667951418], [-1.52156822763721, 53.4441131241803], [-1.52146416946772, 53.4441379603127], [-1.52104044346158, 53.4441973763379], [-1.52092422147282, 53.4443541683385], [-1.52080837390977, 53.4444778027616], [-1.52082676085023, 53.4445866076919], [-1.52059574191839, 53.444641398762], [-1.52064851766599, 53.4447719963565], [-1.52059281215344, 53.4449011730256], [-1.52050324444151, 53.4449619208384], [-1.52058295950068, 53.4451034096502], [-1.52057558166946, 53.4452291847002], [-1.52064862885806, 53.4452905808443], [-1.52062015830696, 53.4454154627177], [-1.52070053378239, 53.4456305500521], [-1.52067003372621, 53.4457922663175], [-1.52044456266068, 53.4460259920533], [-1.52034899267879, 53.4460903094393], [-1.52033917176805, 53.446300543305], [-1.52027791025923, 53.4463938429935], [-1.52018263010616, 53.4464213189241], [-1.5199212220562, 53.4467807046122], [-1.51993343366103, 53.4468975711122], [-1.51980148868259, 53.4471154945207], [-1.51964567464928, 53.4471714834215], [-1.51936077992317, 53.4472026935539], [-1.51916260563861, 53.4472828642201], [-1.51918122830718, 53.4475021977945], [-1.51894791967162, 53.4476262590261], [-1.51886523269817, 53.4477472397934], [-1.51891783401437, 53.4478931135327], [-1.51894219282379, 53.4481322396429], [-1.51903021268914, 53.4482090636073], [-1.51881684444519, 53.4484355549917], [-1.5188966518674, 53.448568958162], [-1.51884203460903, 53.4486010893502], [-1.518779627979, 53.4487949374137], [-1.51873788092554, 53.4488964015747], [-1.51826095772133, 53.4491209376974], [-1.51826004003686, 53.449201897961], [-1.51831960834355, 53.4492587488872], [-1.51833259015473, 53.4493073259209], [-1.51833245776908, 53.4493190069783], [-1.51825039872441, 53.4493842757975], [-1.51812234525407, 53.4493999356297], [-1.51779483931528, 53.4495963968477], [-1.51745457641845, 53.4497244222136], [-1.51730446533699, 53.4498128678252], [-1.51715235354097, 53.4499461448607], [-1.516892715358, 53.4501347910416], [-1.51677773164849, 53.4501909381838], [-1.51653262662157, 53.4502914883891], [-1.51606253738301, 53.4504478297151], [-1.51539612046485, 53.4506509086674], [-1.51540622184489, 53.4506904886709], [-1.5151087983793, 53.4507621591485], [-1.51493410975615, 53.4507623482133], [-1.51436292295147, 53.4509316623615], [-1.51400958714145, 53.4510174803177], [-1.51362038864115, 53.4512099953885], [-1.51347076062364, 53.4512659984902], [-1.51317073618626, 53.4514230214298], [-1.51361790159856, 53.4519587923479], [-1.51376683418722, 53.4521049714404], [-1.51409413895216, 53.4524505577645], [-1.51423424647404, 53.4527064196614], [-1.5143207270814, 53.4527876459433], [-1.51439337794468, 53.4530144780895], [-1.51462515149619, 53.4534198809802], [-1.51479818943754, 53.4536956450798], [-1.51492574667192, 53.4538660883528], [-1.51506026132195, 53.4539600882772], [-1.51522111506229, 53.4541179958246], [-1.51545544883015, 53.4544308504097], [-1.51570270942537, 53.4546664764204], [-1.51620655939385, 53.4551260827019], [-1.5168563237664, 53.4557273567846], [-1.51723939221738, 53.4560767508695], [-1.51734576687348, 53.4562551024712], [-1.51769396660189, 53.4566250223932], [-1.51787593816741, 53.4567839984219], [-1.51805451303766, 53.457100216278], [-1.51818242076789, 53.4572418112322], [-1.51771258633663, 53.4573694074816], [-1.5167454591476, 53.4579200327783], [-1.51670908956319, 53.4579406441758], [-1.51680336285957, 53.4579931431681], [-1.5168976276765, 53.4580465408991], [-1.51739747874521, 53.45832721242], [-1.51715828953513, 53.4584385737218], [-1.5169054903956, 53.4585562588726], [-1.51588271554784, 53.4590940737094], [-1.51535027231207, 53.4594280867834], [-1.51503008678527, 53.4596389509339], [-1.51532380905079, 53.4598972296714], [-1.51580977984162, 53.4602093021539], [-1.51589646107195, 53.4602635687063], [-1.51631303542247, 53.4605852430425], [-1.51556211882078, 53.4610513677116], [-1.51540544862431, 53.4611883106529], [-1.51530106190241, 53.4613577240735], [-1.51522261855002, 53.46163696154], [-1.51486216559401, 53.4618054274082], [-1.51484373396203, 53.4622340759699], [-1.51495725619312, 53.4623199926644], [-1.51487379050031, 53.4625056645999], [-1.51485264989071, 53.4626386622151], [-1.51493882378139, 53.4627486402712], [-1.51489970314533, 53.4632707492253], [-1.51481383416335, 53.4636667748752], [-1.51419771864275, 53.4641982288781], [-1.51374616919562, 53.4645649145152], [-1.51332870005124, 53.4648508639805], [-1.51288440748495, 53.465103364546], [-1.51245599390231, 53.4652922170121], [-1.51203312381115, 53.4655170351858], [-1.51177871851371, 53.4657587129068], [-1.51151307849935, 53.4658106488279], [-1.51020192586484, 53.4661208013714], [-1.50909921950874, 53.4663832693033], [-1.50900489498271, 53.4663342691426], [-1.508910061983, 53.4663293875168], [-1.50865878716196, 53.4664380782956], [-1.50853715891161, 53.4664088245013], [-1.50825794372367, 53.466452610821], [-1.50827091901503, 53.4665011891701], [-1.50822207665611, 53.4665576002864], [-1.50804598718229, 53.466544297771], [-1.50799891529463, 53.4665764548333], [-1.50785532071994, 53.4666207964307], [-1.50786056363919, 53.4668114121806], [-1.50783888718042, 53.4668598484324], [-1.50765627345843, 53.4668950429123], [-1.50770927614369, 53.4670049800089], [-1.50772587069537, 53.4672557590656], [-1.50771301383798, 53.4678507606615], [-1.50769531016689, 53.4682102194383], [-1.50757662856172, 53.4684407628277], [-1.5073631907854, 53.4687877356801], [-1.50705205379479, 53.4692476208058], [-1.50698950966275, 53.4694459553244], [-1.50644454891518, 53.4701880281776], [-1.50619066054482, 53.470380183939], [-1.50588969972466, 53.4706144691581], [-1.50565548733354, 53.4709299026865], [-1.50522213742171, 53.4715348542484], [-1.50500231402965, 53.4717766600671], [-1.50465821462607, 53.472087146157], [-1.5039165982798, 53.4727707962821], [-1.50355563932429, 53.47309828277], [-1.50283790994231, 53.4736697011786], [-1.50255948648413, 53.4738959841028], [-1.50139157146422, 53.4748250577759], [-1.5008710071064, 53.4752758741317], [-1.50072687943482, 53.4753525531402], [-1.50046646198998, 53.475589685153], [-1.50016740489798, 53.4756576289746], [-1.50011213052875, 53.4757418663914], [-1.49998292137302, 53.4758384652651], [-1.49988625740948, 53.4759881273371], [-1.49946756372941, 53.4763629803238], [-1.49863423437868, 53.4771460377938], [-1.49812344118326, 53.4776598738131], [-1.49719966198714, 53.4785655603866], [-1.4962402120539, 53.479427148772], [-1.49565649562559, 53.4799882941924], [-1.495239289688, 53.4803568494939], [-1.49517808230181, 53.4804266826044], [-1.49517737804059, 53.4804860770329], [-1.49523251831357, 53.4805402247168], [-1.49517045395958, 53.4806927257241], [-1.49507810440631, 53.4808532759307], [-1.49491249477189, 53.4809684969631], [-1.49482893768455, 53.4810265532044], [-1.4946189031544, 53.4810742818059], [-1.49467643873953, 53.4811778635273], [-1.49467950004431, 53.4813072741693], [-1.49468266839473, 53.4815428106619], [-1.49476861119525, 53.4817966689849], [-1.49477713669664, 53.4818425331894], [-1.49475634537946, 53.4819403930755], [-1.49462168293706, 53.482116939418], [-1.49463129157278, 53.4823227589692], [-1.49465688545223, 53.4826995600687], [-1.49476037405947, 53.4831188344124], [-1.49498865173778, 53.4838280722145], [-1.49501988434284, 53.4842435354421], [-1.49507821438093, 53.4845323205307], [-1.49521722283652, 53.4850065563273], [-1.49525089852033, 53.4852161607491], [-1.49515024531126, 53.4855734677897], [-1.49496952812532, 53.4859448153582], [-1.49474873428307, 53.4862692658824], [-1.49365144533213, 53.4862790118453], [-1.49330023149024, 53.4862847152359], [-1.49310500922683, 53.4863593716537], [-1.49294124607734, 53.4864423386696], [-1.49278075929905, 53.4866258714374], [-1.49158858383921, 53.4866414870523], [-1.49122709561076, 53.4866228789164], [-1.49084151460711, 53.4866032693496], [-1.49060038805154, 53.4865986499397], [-1.49032199628661, 53.4865723053114], [-1.49004348131438, 53.4865459595058], [-1.48945103927464, 53.4864311120343], [-1.48895063147449, 53.4863093752468], [-1.48803268003902, 53.4860781106792], [-1.48771179003579, 53.4860731445368], [-1.48748192085533, 53.4860109673675], [-1.48723482724912, 53.4858832074376], [-1.4870063129974, 53.4857087096326], [-1.48676053976288, 53.4855953324256], [-1.48616959659579, 53.4853581755756], [-1.48534187220795, 53.4851488430561], [-1.4850460136655, 53.4850576222727], [-1.48484147966054, 53.4849048792523], [-1.4844506225231, 53.4846973273204], [-1.48405438090886, 53.4844421249478], [-1.48328052273095, 53.4837601634582], [-1.48278911431031, 53.4834039017105], [-1.48230258131404, 53.4830153084409], [-1.4820268375405, 53.4827642130685], [-1.48149418062706, 53.4822162745232], [-1.48105697202126, 53.4818602399389], [-1.48044966322648, 53.4814962762907], [-1.48019728351655, 53.4813072824759], [-1.47982630337263, 53.4809623138293], [-1.47956738400263, 53.4808210062836], [-1.47900142220329, 53.4805219142445], [-1.47841687366948, 53.4802703646658], [-1.47769498540093, 53.4799130767966], [-1.47738673167409, 53.4798650037623], [-1.47713327038077, 53.4797659486853], [-1.47666308906259, 53.4796514783716], [-1.47647560300448, 53.4795823647126], [-1.47633122607678, 53.479563761209], [-1.47589589253067, 53.479424368468], [-1.4749050482893, 53.4792608826424], [-1.47453718445846, 53.4791514353046], [-1.47417429846411, 53.4791318695667], [-1.47298927918755, 53.4789495418731], [-1.47223273876863, 53.4788374772424], [-1.47150015931029, 53.4787469901202], [-1.47090711043771, 53.4786949467063], [-1.47049331992805, 53.4786535775045], [-1.47001527837342, 53.4785642971583], [-1.46947850283289, 53.4784729568299], [-1.46898079662697, 53.4783969746017], [-1.46761897439319, 53.4782498430123], [-1.46725622277668, 53.4782203717955], [-1.46724575445452, 53.4782131361034], [-1.46709181862145, 53.4781153116983], [-1.46689511787317, 53.4780596202628], [-1.4666714279294, 53.4779966200187], [-1.46663181340744, 53.4780350836108], [-1.46644263731925, 53.4782212389131], [-1.46630018917497, 53.4782871003283], [-1.46577083421564, 53.4783278705689], [-1.46570911829981, 53.4783257981658], [-1.46564727885825, 53.4783237242802], [-1.46561721716465, 53.4783235900174], [-1.46546198503266, 53.4783193029516], [-1.46530692169452, 53.4783114209996], [-1.46515340498286, 53.4782990532593], [-1.46499993511239, 53.4782830900921], [-1.46484800064287, 53.4782635399541], [-1.46479542110072, 53.4782561165832], [-1.46464044957571, 53.478231160336], [-1.46448713708948, 53.4782026176718], [-1.46433686451946, 53.4781695959197], [-1.46418974113, 53.4781329926422], [-1.46404716023715, 53.4780909282846], [-1.46401411819451, 53.478080895507], [-1.46386840720898, 53.4780407045187], [-1.463483194692, 53.4778817222359], [-1.46320050089828, 53.4777204131432], [-1.46290662258308, 53.4774908494791], [-1.46245213487857, 53.4770833587492], [-1.46225366823158, 53.4769324004302], [-1.46213620417682, 53.4768104705988], [-1.46179739567163, 53.4764413285273], [-1.46168383421546, 53.4763644369985], [-1.46164502455611, 53.4763391014841], [-1.46126352431881, 53.4761243256537], [-1.46122763965597, 53.4761034956759], [-1.46108172145875, 53.4760902580497], [-1.46101543535982, 53.4760863649127], [-1.46094917205343, 53.4760806750202], [-1.46093268546306, 53.4760779050576], [-1.46080773835171, 53.4760665584037], [-1.4607119963049, 53.4760149071419], [-1.46046058038264, 53.4758770956524], [-1.46031711125827, 53.4757883854543], [-1.46003628068715, 53.4754824020584], [-1.45959624149015, 53.4751343627626], [-1.45906153328218, 53.4746511035998], [-1.45856062206738, 53.4741094943345], [-1.45806858281722, 53.4735939838652], [-1.45775806931149, 53.4732510173637], [-1.45773850217094, 53.4732464352692], [-1.45766048068558, 53.4732281097773], [-1.45746447910906, 53.4730033783489], [-1.45735452461222, 53.4728788717447], [-1.45697247978276, 53.4725939886353], [-1.45673464472085, 53.4723483976908], [-1.45652442031213, 53.4719348938311], [-1.4564492911455, 53.4719237688951], [-1.45642858936641, 53.4718913256822], [-1.45592370519272, 53.471791891708], [-1.45569061842343, 53.4717584815018], [-1.4552192140429, 53.4717509446572], [-1.45525729686843, 53.4717160722994], [-1.45516004701659, 53.4716671044009], [-1.45499711098967, 53.4713257015228], [-1.45482725649481, 53.471068734803], [-1.45466166076548, 53.47081897725], [-1.4545323656616, 53.4705667782564], [-1.45440241635137, 53.4703657070377], [-1.4541990335173, 53.4701283561022], [-1.45402725265199, 53.4698965404018], [-1.45382794635897, 53.4695837254337], [-1.45369802545542, 53.4693809457264], [-1.45357182888895, 53.4692365028977], [-1.45337744921296, 53.4690046729314], [-1.45311825774122, 53.4686556385425], [-1.45279824618949, 53.4682460288378], [-1.45265004035574, 53.4680557457364], [-1.45254957231284, 53.467900635852], [-1.45241764115082, 53.4677391815429], [-1.45232998243732, 53.4676407422746], [-1.45213697927524, 53.4675347223287], [-1.4520345467079, 53.4674264202887], [-1.45184142164552, 53.4672142732574], [-1.45174773465201, 53.4671212881098], [-1.45160311726022, 53.4670001220321], [-1.45142256323738, 53.4668725914475], [-1.45128338416395, 53.4666858514143], [-1.45114300586506, 53.4664668454485], [-1.45097531177666, 53.4662763806068], [-1.45085415367818, 53.4660888238833], [-1.45066068790962, 53.465797596198], [-1.45053721299244, 53.465558898365], [-1.45043645246176, 53.4654271483309], [-1.45028358173342, 53.4652530155565], [-1.44995108635707, 53.4647552763955], [-1.44982337017846, 53.464499394488], [-1.44957540710326, 53.4641018780337], [-1.44938938599429, 53.4638124793459], [-1.44907476700702, 53.4634514987477], [-1.44877250029148, 53.4630672100087], [-1.4484746511764, 53.4626874333929], [-1.44829514193296, 53.4624717484005], [-1.4481662192741, 53.4623102139483], [-1.44792481019978, 53.4621087111085], [-1.44773712035262, 53.4619495998911], [-1.44767460305965, 53.4618962936057], [-1.44725216190289, 53.4614826907596], [-1.44695105473029, 53.4611262595215], [-1.44670288453658, 53.4607484158982], [-1.44628846563664, 53.4599582400238], [-1.44603745577846, 53.4595705869252], [-1.44565663603422, 53.4590914828791], [-1.4452528514104, 53.4586411166822], [-1.44540758791887, 53.4584386550906], [-1.445151217072, 53.4578891244988], [-1.44518132267323, 53.4578847714054], [-1.44493078189211, 53.4571160030595], [-1.44469560049365, 53.4566762936008], [-1.44454069650221, 53.456537995816], [-1.44436274916892, 53.4564437126636], [-1.4441752139347, 53.4563898237357], [-1.44383568297953, 53.4559836868536], [-1.44371352521986, 53.4556478429354], [-1.44391243437289, 53.4552847333782], [-1.44408425805518, 53.4549322805914], [-1.44426115910657, 53.4545232383406], [-1.44426681015189, 53.4543173888703], [-1.44421975288523, 53.454116687412], [-1.44420811550939, 53.4529283810384], [-1.4442423869228, 53.4517995056], [-1.44419133041767, 53.4513237157193], [-1.44423969067922, 53.451079513547], [-1.44424777809141, 53.4508008872266], [-1.44420918685549, 53.4505220447225], [-1.44411250061161, 53.4499750519352], [-1.44396898670318, 53.4495447534295], [-1.44375509513462, 53.4489702575545], [-1.44357606723881, 53.4486080894349], [-1.44338329604874, 53.448147817704], [-1.44306921905585, 53.447527026231], [-1.44292944404854, 53.4472783562956], [-1.44278321566806, 53.4470583225836], [-1.44263064434692, 53.4468679134612], [-1.4425570683046, 53.4468460048282], [-1.44244494297467, 53.446676542157], [-1.44241645309944, 53.4465478161878], [-1.44211368803804, 53.4462138271977], [-1.44185702636476, 53.4459240846256], [-1.44161029898831, 53.4455580040365], [-1.44153520395415, 53.4454336435485], [-1.44111939376653, 53.4449929982303], [-1.4407566991524, 53.4446299705104], [-1.44057588858634, 53.4444170521329], [-1.44031624758063, 53.4441192041953], [-1.43993431444711, 53.4437380220757], [-1.43939763516279, 53.4432214118425], [-1.43901493999113, 53.4428996215902], [-1.43884484928388, 53.4427792199492], [-1.43863108591309, 53.4426667900958], [-1.43853244530238, 53.4426070193807], [-1.4374987579483, 53.4415369552056], [-1.43707881934593, 53.4410685196399], [-1.43679236475141, 53.4407660523925], [-1.43654697287618, 53.4405311722711], [-1.43634609091451, 53.4403567974245], [-1.43563766351571, 53.4398554596956], [-1.43486050934415, 53.4393151532517], [-1.43425555406991, 53.4389599570585], [-1.43426798549273, 53.4389303611757], [-1.43371303939095, 53.4385484399883], [-1.43333724938165, 53.4382841819443], [-1.43331486473702, 53.4382687999587], [-1.43262986759638, 53.437709142639], [-1.43240172526738, 53.4375427184966], [-1.4320388947742, 53.4373225493423], [-1.43188350012097, 53.4372391410184], [-1.43071019521332, 53.4367238868323], [-1.43010492398403, 53.4363974227116], [-1.42898980722069, 53.4358123345678], [-1.42797135582229, 53.4353230405714], [-1.4275795618176, 53.4351278793291], [-1.42717450965667, 53.4349128845928], [-1.42677720989114, 53.4346845359196], [-1.42649138628117, 53.4344449474293], [-1.42567056460074, 53.4339277313549], [-1.42566011363851, 53.4339204921414], [-1.42564860475971, 53.4339137979683], [-1.42508210231489, 53.433584248305], [-1.423677546403, 53.4328207020865], [-1.42338683187912, 53.4326152315463], [-1.42318362795031, 53.4325091171172], [-1.42201425076542, 53.4319416787824], [-1.4212280356684, 53.4315442082017], [-1.42091617288003, 53.4313440206544], [-1.42066495602121, 53.4312196980275], [-1.42025635602069, 53.4310522901258], [-1.41989016777646, 53.4308690008629], [-1.4192204909353, 53.430527792764], [-1.41861388666114, 53.4302030625803], [-1.4182496552874, 53.4299864387674], [-1.41808280299835, 53.4298553306687], [-1.41801182642388, 53.4297641365715], [-1.41796848653974, 53.4296300329667], [-1.41792132309963, 53.4295579152101], [-1.41767787907406, 53.4294200533238], [-1.41768218134063, 53.429323024873], [-1.417773860266, 53.4292246238527], [-1.41763421336125, 53.4290917592567], [-1.41737829806415, 53.4290950069204], [-1.41702760938352, 53.4286600805333], [-1.41639210709348, 53.4279198537949], [-1.41580804033672, 53.4277112220008], [-1.4157664187181, 53.4272255907312], [-1.41561157250273, 53.427107116059], [-1.41528764524848, 53.4268044090132], [-1.41513077035938, 53.4267254629864], [-1.41474845433615, 53.4266183649295], [-1.41458110912401, 53.4265249894654], [-1.41441594325443, 53.4263902872825], [-1.41392063265629, 53.4258557038392], [-1.41381042729836, 53.4257760856459], [-1.41308625500836, 53.4253553974534], [-1.41275128070559, 53.4251002524451], [-1.41227114677395, 53.424664667494], [-1.41196168382424, 53.4240806583903], [-1.41161452925958, 53.4237203094095], [-1.41143616849122, 53.423338325856], [-1.41114530054681, 53.4231525845584], [-1.41007925936323, 53.4227680166971], [-1.40994542267422, 53.4227565727527], [-1.40994687592189, 53.4226514404632], [-1.40989875448171, 53.4225423796764], [-1.40974261415621, 53.4224032200347], [-1.40960195648184, 53.4223468104217], [-1.4096437916715, 53.4222642535382], [-1.40952079718324, 53.4219085988782], [-1.40957099224942, 53.4218675101347], [-1.40968996720325, 53.4217512768327], [-1.40972595922223, 53.4216517075984], [-1.409720703812, 53.4214934334679], [-1.40902219551098, 53.420858066166], [-1.40852781972325, 53.4203728756856], [-1.40850407737209, 53.4203493942826], [-1.40762652055888, 53.4209167500444], [-1.40639201378824, 53.421608134915], [-1.40556297833211, 53.4220373304813], [-1.40497084161646, 53.4223103512407], [-1.40389754670584, 53.4227705809503], [-1.40282770845634, 53.4231949637131], [-1.40194325280761, 53.4234925705367], [-1.40085039117122, 53.4238403580097], [-1.39985324874113, 53.4241212240206], [-1.39899693727, 53.4243388950903], [-1.39905585300893, 53.4244372317985], [-1.39832030516538, 53.4246249503821], [-1.39729123212715, 53.4248184680119], [-1.39686588537897, 53.424354249472], [-1.39660727865659, 53.4244446985865], [-1.39634365704284, 53.4243633020356], [-1.39633466009169, 53.4242536231849], [-1.39628650825777, 53.4241491386435], [-1.39630036129911, 53.4241258443944], [-1.39621678228797, 53.423859337363], [-1.39599525703798, 53.4238896732718], [-1.39586822679412, 53.4239321672295], [-1.39574117086919, 53.4239764587154], [-1.39559724536034, 53.4240467248174], [-1.3955595134909, 53.4240564196393], [-1.39551870585573, 53.4240643011469], [-1.3952328889273, 53.424061062164], [-1.39486227374559, 53.4240880376104], [-1.39463451457585, 53.4241291226974], [-1.39442586391677, 53.4241963646682], [-1.39420667884497, 53.4242626550399], [-1.39399452988213, 53.4242615823951], [-1.39359585177028, 53.4242550720467], [-1.39305924003608, 53.4242110188272], [-1.39271353324035, 53.424187699286], [-1.3927114635132, 53.4243332684566], [-1.39230941378561, 53.4243456081455], [-1.3918891404023, 53.4243831066813], [-1.39116676327496, 53.424489072583], [-1.39029799465418, 53.4246284376464], [-1.38896296185593, 53.4248535766184], [-1.38749526571525, 53.425096894463], [-1.38730231562177, 53.4251237667765], [-1.38667698584638, 53.4251834729608], [-1.38574623268368, 53.425230826753], [-1.38463051998666, 53.4252754246276], [-1.3829274384132, 53.4253530086469], [-1.38236409732663, 53.4253896410286], [-1.38237406414249, 53.4252152693263], [-1.38205078964479, 53.4252019178518], [-1.38172263828105, 53.4252083097106], [-1.38173389787886, 53.4253648192279], [-1.38174017054038, 53.4254457265011], [-1.38171920180588, 53.4254456181333], [-1.38166051794035, 53.4254453148319], [-1.38165406997097, 53.425368001225], [-1.38164397522691, 53.4252339639046], [-1.38163504484486, 53.4249166086648], [-1.38089143412042, 53.4243104965303], [-1.3804390068682, 53.4241688657899], [-1.38043814022875, 53.4240232827342], [-1.38032786586523, 53.4239444405601], [-1.38007973380925, 53.4236186575145], [-1.38009002401983, 53.4232259167686], [-1.38017214437301, 53.4231670321654], [-1.3800162015327, 53.4229181109769], [-1.37966403012685, 53.4224011881292], [-1.38160078804001, 53.4218746318118], [-1.38146056836129, 53.4216877992771], [-1.38233253048967, 53.4215314440589], [-1.38233059553607, 53.4210388001611], [-1.38305208499048, 53.4208888519842], [-1.38331750644901, 53.4208425010833], [-1.38375145030067, 53.4208016003348], [-1.38375099987258, 53.4206263632177], [-1.3844173221507, 53.4205416331328], [-1.38473025594299, 53.4205468358555], [-1.38586779299796, 53.4205463830767], [-1.38588038196892, 53.4205078057525], [-1.38619029210061, 53.4205075973478], [-1.3865017134394, 53.4205145843714], [-1.38670963626512, 53.4204976765414], [-1.38721639794794, 53.4205173437682], [-1.38779323105252, 53.4204780576915], [-1.38836856226063, 53.4204396591821], [-1.38951326509879, 53.4203628235434], [-1.39101016984315, 53.4202777940179], [-1.39160678030697, 53.4202170221025], [-1.39303819638718, 53.4200778061515], [-1.39352979520877, 53.4200030127533], [-1.39333151453811, 53.4195596990503], [-1.39303000448061, 53.4189603977715], [-1.39275884074524, 53.4184610870318], [-1.39271274721831, 53.4184222115686], [-1.39265916553231, 53.418377816643], [-1.39223271834204, 53.4184260669325], [-1.39195091803244, 53.4184569877842], [-1.39104244216259, 53.418535944945], [-1.39055593154696, 53.4185766055311], [-1.38996410752759, 53.4186077405864], [-1.38938329792753, 53.4186146658439], [-1.38934352201068, 53.4184464168285], [-1.38918732003668, 53.417796622385], [-1.38988667995345, 53.4168626354259], [-1.39019281829984, 53.4166034987126], [-1.39051029176824, 53.4163929461443], [-1.3911066329054, 53.4158251632659], [-1.39167249221132, 53.4152887654297], [-1.39167502680641, 53.4151107567995], [-1.39163359244543, 53.4149540928794], [-1.39126243092677, 53.4142933217466], [-1.39077991022197, 53.413526840471], [-1.39076154318201, 53.4134404777535], [-1.39066929208568, 53.413159541397], [-1.39065476235099, 53.4131172307968], [-1.39057300881339, 53.4130484279351], [-1.39055820416675, 53.4129297318868], [-1.39046119539152, 53.4127737720716], [-1.39038113566915, 53.4126905997568], [-1.39033574415964, 53.4126032003198], [-1.39017256145582, 53.4124342320827], [-1.38995688925245, 53.4122668836266], [-1.3897655662954, 53.4121751450063], [-1.38962810925637, 53.4121159424319], [-1.38930597427794, 53.4120208388443], [-1.38917697126702, 53.4119950182107], [-1.3887950205467, 53.4118762443893], [-1.38851936115583, 53.4116887261584], [-1.38843236569301, 53.4115705585442], [-1.38821315514301, 53.411434551086], [-1.38805755430668, 53.4113780394213], [-1.38777519195335, 53.4112346084454], [-1.38748664858909, 53.4111072309392], [-1.38724268033021, 53.4110286981998], [-1.38710511704806, 53.4109686828723], [-1.38689182725554, 53.4108353988398], [-1.38677772883718, 53.4107134970086], [-1.38658524363097, 53.4105048326674], [-1.38638673499163, 53.4102926322049], [-1.38626305239927, 53.4101040906755], [-1.38626199810005, 53.4099701863244], [-1.38615358611601, 53.4098670946051], [-1.38609016996754, 53.4097831952527], [-1.38606467344816, 53.4096671389772], [-1.38596446851042, 53.4095281428835], [-1.38579300217946, 53.4092126457227], [-1.38571596668087, 53.4089200997095], [-1.38558979065199, 53.4086983837631], [-1.38553005950995, 53.4086603335843], [-1.38533406246724, 53.4083779625326], [-1.38519601820575, 53.4082486577044], [-1.38509209802139, 53.4081528673387], [-1.38506007884511, 53.4080853052825], [-1.38491935003428, 53.4077205431189], [-1.38467191165644, 53.4073506521845], [-1.38462934020247, 53.4072839345517], [-1.38455485338532, 53.4072287362079], [-1.38430716681833, 53.4070917714111], [-1.38418708167074, 53.4069733434655], [-1.38412242468749, 53.4068642768636], [-1.38364503173163, 53.4062730384269], [-1.38338327288496, 53.4059687637314], [-1.38312281705684, 53.4056689878825], [-1.38294948085344, 53.4054855835593], [-1.38284526157313, 53.4054113599837], [-1.38255000743741, 53.4052373024061], [-1.38216482315022, 53.4051417726133], [-1.38206909224113, 53.4050981455136], [-1.38197936134274, 53.4046482748385], [-1.38177027630774, 53.403919122231], [-1.38206986548084, 53.4038010558212], [-1.38303728350017, 53.4034671547805], [-1.3826447386375, 53.4029464429133], [-1.38246555282261, 53.4026452868177], [-1.38226076636825, 53.402245148156], [-1.382174470482, 53.4020811519551], [-1.3820505248665, 53.4018108329736], [-1.38172838088342, 53.4010972730223], [-1.38176371862645, 53.4010461433212], [-1.38176377061832, 53.4010425489066], [-1.38095925925976, 53.4007228920623], [-1.3789368181292, 53.3998639691598], [-1.3774406549584, 53.399230609157], [-1.37741692071392, 53.3991063874938], [-1.37733827343326, 53.3989298519323], [-1.37728846656261, 53.3988333527682], [-1.37709137963726, 53.3986328394418], [-1.37698887760489, 53.3984426105883], [-1.37699075125439, 53.3983141190192], [-1.37710953901521, 53.3982122040239], [-1.37731309072491, 53.3980712789272], [-1.37728358330763, 53.3980369788186], [-1.37760703826518, 53.3978193048199], [-1.37882939925061, 53.3970176023032], [-1.37880706911438, 53.397001311663], [-1.37897993323507, 53.3968978767395], [-1.37918727562663, 53.3968108848252], [-1.37806517619497, 53.3958963139197], [-1.37784235651579, 53.3958115883695], [-1.37723568858034, 53.3954444165034], [-1.37663278151694, 53.3950241532155], [-1.37650626925264, 53.3949336356574], [-1.37628185657394, 53.3947463676734], [-1.37592203095043, 53.3943651946035], [-1.37584291275824, 53.3942219037489], [-1.37580444640092, 53.394079633123], [-1.37579834104707, 53.3936742385421], [-1.37585051911616, 53.3934973930313], [-1.37592599211134, 53.393270436162], [-1.37599561209291, 53.3931386120722], [-1.37624677440903, 53.3928262116065], [-1.37640551815286, 53.3926616917565], [-1.37652858910531, 53.3925795682877], [-1.37663312166383, 53.3925190058145], [-1.37688930878905, 53.3923801513084], [-1.37719480872221, 53.3922603338601], [-1.37750482062459, 53.3921370343217], [-1.37787177941535, 53.3920364944232], [-1.3781446011844, 53.3919893819563], [-1.37849991513519, 53.3919560853465], [-1.37890379261937, 53.391899766822], [-1.37908189976465, 53.3918521636389], [-1.37920157777633, 53.3917898811706], [-1.37939745730549, 53.3916623956234], [-1.37970365640417, 53.3913826303156], [-1.37984207248533, 53.3912763234333], [-1.3797680549644, 53.3911995609609], [-1.37976033728291, 53.3911078650448], [-1.37982492490616, 53.3910056701733], [-1.37983467911108, 53.3909571964448], [-1.38012903676045, 53.3908778438051], [-1.38021624437834, 53.3908827873001], [-1.38036910941901, 53.3909168235802], [-1.38047656528518, 53.39097039454], [-1.38056579619956, 53.3910410347914], [-1.38056441705694, 53.390922324606], [-1.38063796737111, 53.3908346425221], [-1.38082015216035, 53.3907105889919], [-1.38124002645817, 53.3904818164862], [-1.38182606634484, 53.390190009598], [-1.3823253817722, 53.3899795252679], [-1.38293798681341, 53.3897273876143], [-1.38442345606555, 53.3891067250402], [-1.38500404982276, 53.3888805651682], [-1.38512885385078, 53.3888830044774], [-1.38554423135956, 53.3887484641466], [-1.38554862454088, 53.3887619657168], [-1.38613839924643, 53.3885258808312], [-1.38627233333423, 53.3885139879161], [-1.38646484609267, 53.3884026527823], [-1.38706408349072, 53.3881369578498], [-1.38761901640723, 53.3878135240958], [-1.38805283946834, 53.3875496733706], [-1.38834854717578, 53.3873732660936], [-1.38858990437656, 53.3872090696755], [-1.3888516218671, 53.3869992400099], [-1.38918944911888, 53.3867115306174], [-1.38949986476719, 53.3864506374507], [-1.3899488652129, 53.3860682432156], [-1.38995290631393, 53.3859935915111], [-1.39009506055682, 53.3858307733628], [-1.39009480537892, 53.385640182197], [-1.39036367429475, 53.3853449283857], [-1.39062294260961, 53.3849750424771], [-1.39069100285912, 53.3848441955225], [-1.39083369947749, 53.3845384142537], [-1.39116785480829, 53.3838794728087], [-1.39117285339329, 53.3837374313686], [-1.3912855039657, 53.3835303403272], [-1.39139831426442, 53.3833206438841], [-1.39118030696998, 53.3833186373665], [-1.39093986648517, 53.3833165154153], [-1.39075313781304, 53.3832247178076], [-1.39056687322307, 53.383221971972], [-1.39022725553936, 53.3833164820588], [-1.3891118773686, 53.3833018094357], [-1.38905580587429, 53.3832268497241], [-1.38907367629165, 53.3830346432944], [-1.38813301855616, 53.38299838817], [-1.38648245436267, 53.3829899399246], [-1.38589370229231, 53.3829536725539], [-1.38564772068614, 53.3829146695314], [-1.38471396887998, 53.3827174870417], [-1.38448175558361, 53.3826605814878], [-1.38365540844821, 53.3824163217431], [-1.38259868682752, 53.3820917920951], [-1.3818791921668, 53.38183998172], [-1.38103735522459, 53.3815291265285], [-1.38015037542982, 53.3812207270242], [-1.37986526553007, 53.3810772735743], [-1.37899565147705, 53.3806071169776], [-1.37844561278933, 53.3802887679366], [-1.37769076776877, 53.3797869360189], [-1.37703300101267, 53.3793268501653], [-1.37701245523793, 53.3792907989853], [-1.37689244757311, 53.3790717259366], [-1.37676428451226, 53.3789955768313], [-1.37660921576953, 53.3789031126242], [-1.37654519780741, 53.3788650382483], [-1.37646436077289, 53.3788412534691], [-1.37586975114198, 53.3784885120382], [-1.37544942759283, 53.3782364197464], [-1.37522864013587, 53.3781210566222], [-1.37503624258, 53.3780221051275], [-1.37458222529563, 53.37782024504], [-1.3741292938455, 53.3776461562381], [-1.3740052998436, 53.3775906939083], [-1.37389223293745, 53.3775083300198], [-1.37354189113642, 53.3772098688657], [-1.37302892255628, 53.3768286931437], [-1.37254656813407, 53.3765070719146], [-1.37145055618297, 53.3758101166613], [-1.37095965370798, 53.3754560940053], [-1.37096790104615, 53.3754094100596], [-1.37081016038021, 53.3752980524794], [-1.37050148166946, 53.3751354889696], [-1.37004659542068, 53.3748867860292], [-1.36933630463266, 53.3743347132743], [-1.3684486893339, 53.3737826880785], [-1.3683493505839, 53.3737875551958], [-1.36764653309794, 53.3733361558299], [-1.36700902334666, 53.3729444949493], [-1.3664359958641, 53.3725675502637], [-1.36610901376015, 53.3723213065697], [-1.36551882534748, 53.3717824268229], [-1.36530363596161, 53.3713938937114], [-1.36481624477225, 53.3709104601802], [-1.3642732146846, 53.3705444476341], [-1.36417885235495, 53.3705151006654], [-1.3639643071205, 53.3702929023964], [-1.36393111558718, 53.3702999142332], [-1.36374234258423, 53.3701613332609], [-1.36356109530972, 53.3699168458184], [-1.36321910959488, 53.3693657944571], [-1.36279174147977, 53.3687990101584], [-1.36253872044242, 53.3684983495202], [-1.36247565844879, 53.3684234136135], [-1.36207143617468, 53.3679178568396], [-1.36160199988448, 53.3672493009511], [-1.3610813624873, 53.36659214721], [-1.36027847920069, 53.3665150684157], [-1.36032865152979, 53.3665737477468], [-1.35913201249308, 53.3665035415364], [-1.35760360309089, 53.3665043311394], [-1.35629472427136, 53.3664990941204], [-1.35629572552378, 53.366432601137], [-1.35516410683613, 53.3664390882405], [-1.35516515186179, 53.3663698098513], [-1.35350771181934, 53.3663572707032], [-1.35319626755742, 53.3663780531628], [-1.35276151822534, 53.3664081427207], [-1.35261713806762, 53.3664181445624], [-1.35211406059756, 53.3664927036788], [-1.35196197316807, 53.3665125480061], [-1.35175846639604, 53.3662543489538], [-1.35154178622906, 53.3659745112299], [-1.35141575354967, 53.3658614992499], [-1.35094719683807, 53.3655479441812], [-1.34978053642323, 53.3646912409574], [-1.34905318123815, 53.364198344392], [-1.34851504603997, 53.3638187119104], [-1.34725339559856, 53.3629903131099], [-1.3465191272168, 53.3625565819631], [-1.34630902883623, 53.3624413095646], [-1.34604195846987, 53.3622195970857], [-1.34592055206234, 53.3621057066773], [-1.34567012593947, 53.3617762490076], [-1.34543808136201, 53.3614280211238], [-1.34516052047322, 53.3612044524459], [-1.34451049751871, 53.3609680595401], [-1.3442642134666, 53.3608543813303], [-1.34387011722835, 53.3606930748351], [-1.3436150560307, 53.3605703619428], [-1.34343024682679, 53.3604713977444], [-1.34329175518509, 53.3603897617337], [-1.34316232215791, 53.3602990983718], [-1.34292612425916, 53.3601261645248], [-1.34261888411876, 53.3598763666367], [-1.34248502152046, 53.3597920593822], [-1.34214111645555, 53.3595824968409], [-1.34052104840221, 53.3586279561884], [-1.34034581177199, 53.3584957918468], [-1.34028159322551, 53.358378527012], [-1.34025797797433, 53.3582471983249], [-1.34032184506636, 53.3581063770404], [-1.34031735716546, 53.3580039089164], [-1.34030481274621, 53.3579418351276], [-1.34024869336386, 53.3577814813461], [-1.33996018345779, 53.3574922422381], [-1.33989224511719, 53.357415484448], [-1.33977021633446, 53.3572395803896], [-1.33966784417544, 53.3570583024166], [-1.33953733212685, 53.356758252209], [-1.33928415989947, 53.3562273868424], [-1.33923635157408, 53.3561067082982], [-1.33900679721236, 53.3557953260827], [-1.33869961710014, 53.3553532159885], [-1.33857339262933, 53.3551610225112], [-1.33847479202928, 53.3550328729316], [-1.33826488736238, 53.354805170356], [-1.33814763386035, 53.3547137615375], [-1.33808262002829, 53.3546486118521], [-1.33804280094114, 53.3545962711377], [-1.33801363430241, 53.3545439902166], [-1.33797927590402, 53.3544350674492], [-1.33797354922473, 53.3542210740644], [-1.33792966064915, 53.3538559012809], [-1.33787641752931, 53.3537027517286], [-1.33784432130866, 53.3536396707355], [-1.33779729644106, 53.3535729125518], [-1.33775154697113, 53.3535196409809], [-1.33773972738221, 53.3535069949052], [-1.33768774354134, 53.3534644717668], [-1.33763117579843, 53.3534299214637], [-1.33751331457649, 53.3533780476955], [-1.3373034297816, 53.3532537758451], [-1.33711719728862, 53.3531538962131], [-1.33612894967662, 53.3523672504213], [-1.33573117887775, 53.3520513362101], [-1.33556291268492, 53.3519596420968], [-1.33539825400303, 53.3519146959094], [-1.335173429146, 53.3518837930031], [-1.33453840187489, 53.3519539568981], [-1.334011338772, 53.3520346041937], [-1.33357752454585, 53.3521085786132], [-1.33308632806126, 53.3522955471989], [-1.33288549883494, 53.3523618274772], [-1.33265215861736, 53.3523919815081], [-1.33207644395998, 53.3524148382321], [-1.3319766635888, 53.3523558722277], [-1.33187332859305, 53.352144032253], [-1.33179767560043, 53.3519917456635], [-1.33159509354693, 53.3517820486427], [-1.33127581198996, 53.3515421373551], [-1.3310598958866, 53.3514249231135], [-1.33078014414392, 53.3512553233307], [-1.33062771078487, 53.3511025174959], [-1.3305886482039, 53.3510106409439], [-1.33060519637418, 53.3509109873737], [-1.33074237144925, 53.3507885521263], [-1.33092352977501, 53.350538758978], [-1.33105176459222, 53.3503148204946], [-1.33107001596501, 53.350106349225], [-1.33109814515015, 53.3499392698665], [-1.33125505437209, 53.3495132027031], [-1.33122381592677, 53.349396206057], [-1.33116563571156, 53.3492753756907], [-1.33110197297681, 53.3492121166446], [-1.33103830700826, 53.3491569448811], [-1.33096696074029, 53.3491098185266], [-1.33067041946243, 53.3489535108715], [-1.3304347238018, 53.3488506519079], [-1.33008238490263, 53.3488091464874], [-1.32954887074994, 53.3488214457413], [-1.3286358564753, 53.3488972225293], [-1.32856740461202, 53.3485714444656], [-1.32835835010438, 53.3480111464062], [-1.3279567116691, 53.3468997188105], [-1.32758069937351, 53.3457901399949], [-1.32721401810662, 53.3447498982745], [-1.32671576157414, 53.343289976493], [-1.32648863151655, 53.3427404483528], [-1.32620522174659, 53.3420457459271], [-1.32598596612182, 53.3412804990482], [-1.32581685547671, 53.3401001853352], [-1.325741432814, 53.3395514168449], [-1.32566885823719, 53.338916395053], [-1.32558173038453, 53.3382543320436], [-1.32549419834641, 53.3376102399934], [-1.32542266168013, 53.3370039801973], [-1.32556766635791, 53.3369562677634], [-1.32560687931281, 53.3369430078992], [-1.32561387190741, 53.3368765480767], [-1.32549939023555, 53.336237696351], [-1.3255094432909, 53.3360714156913], [-1.32554001356189, 53.3359466772645], [-1.32553524471398, 53.3356760717976], [-1.3252232236215, 53.3347035276604], [-1.32491482898798, 53.3338864672258], [-1.3248226732633, 53.3335362923093], [-1.32475228238696, 53.3327646981253], [-1.32490259219598, 53.3327565556394], [-1.32489185754031, 53.3324877171792], [-1.32477143807808, 53.3325005200516], [-1.32473534172882, 53.3318387503564], [-1.32467909131366, 53.3302743782903], [-1.32478497154793, 53.3302255484507], [-1.32494340983616, 53.3301725199211], [-1.32494419183456, 53.3301230102877], [-1.32467105556756, 53.3301169838837], [-1.32459110191372, 53.329285127548], [-1.32463744929804, 53.3291019780085], [-1.32466917492843, 53.3288100130807], [-1.32472624125582, 53.328810333383], [-1.3252246227255, 53.3288122315587], [-1.32563600983865, 53.3288118414222], [-1.32579491755854, 53.3288307051401], [-1.3257963882306, 53.3288316113648], [-1.32609628517094, 53.3288593518939], [-1.32646247402283, 53.3288676927717], [-1.32684916674507, 53.3289103847859], [-1.32700072164646, 53.3289166241073], [-1.32709509690082, 53.3289297327234], [-1.32718635954986, 53.3289518108895], [-1.32728642001372, 53.3289892137904], [-1.32742792035883, 53.329060097938], [-1.32762805760938, 53.3291259172199], [-1.32766403737565, 53.3291288140305], [-1.32773309789869, 53.3291300988049], [-1.32781884441284, 53.3291251863784], [-1.3279105358831, 53.3291122189504], [-1.32799353724628, 53.3290929125328], [-1.32810666725847, 53.3290549031597], [-1.32822296350066, 53.3290124187383], [-1.32830019566931, 53.3289742087432], [-1.32846231448098, 53.3287809207962], [-1.32857916471018, 53.3282224478454], [-1.32859323112094, 53.3280994153003], [-1.32860584430123, 53.3280608444914], [-1.32862578719523, 53.3280286049631], [-1.32871775055988, 53.3278169528528], [-1.32876916946095, 53.3276959246205], [-1.32874724765937, 53.3276571620347], [-1.32868508892838, 53.3276028076574], [-1.32865085071914, 53.3275837454788], [-1.32854630812541, 53.3275481155908], [-1.32822711193577, 53.3274097432744], [-1.32815726295947, 53.3273644217194], [-1.32812628737062, 53.327334593709], [-1.32807632493846, 53.3272605379865], [-1.32803245476235, 53.327184808388], [-1.32803357093881, 53.3271138226249], [-1.32807282558578, 53.3270106999284], [-1.3281645518094, 53.3268062361585], [-1.32846542238709, 53.3264798267971], [-1.32884185968871, 53.3261259808087], [-1.32944098749336, 53.3255513243236], [-1.329544333738, 53.3254656324836], [-1.32970622547846, 53.3253882640325], [-1.33003538084752, 53.3252696835547], [-1.33021992234458, 53.3251844515008], [-1.33077386159769, 53.3248054738888], [-1.33109676490702, 53.3246033008047], [-1.33154010751093, 53.3242902876685], [-1.33193871579634, 53.3239482703074], [-1.33241721063758, 53.3234996796437], [-1.33267606291214, 53.3231649718779], [-1.33276643543048, 53.3230531558219], [-1.33280584580825, 53.3229310832587], [-1.33273550570561, 53.3228219704766], [-1.3326271053007, 53.3227485876541], [-1.33254093710461, 53.3226861099832], [-1.33230123487803, 53.3225553016781], [-1.33226718101866, 53.3225245617807], [-1.33221564091615, 53.3224640744766], [-1.33218798836141, 53.3224118052654], [-1.3321781836964, 53.322365925756], [-1.33217743141669, 53.3223110204359], [-1.33218737830975, 53.3222526709768], [-1.33222794712927, 53.3221594482727], [-1.33226476288892, 53.3221084355539], [-1.33231061379679, 53.3220574729486], [-1.33244603933596, 53.3219377307056], [-1.33249011085762, 53.3219056274818], [-1.33258406744653, 53.3218495405895], [-1.33271849521606, 53.3217936780162], [-1.33284832723955, 53.3217467750788], [-1.33305494043285, 53.3216894256748], [-1.33348711674481, 53.321605559672], [-1.33364981353662, 53.3215624321456], [-1.33384143437992, 53.3215059870496], [-1.33415758872956, 53.3213530977938], [-1.33425752514144, 53.321294347177], [-1.33451933439582, 53.3210620847687], [-1.33456210050659, 53.3210182928085], [-1.3346011655039, 53.3209178724039], [-1.33463052617444, 53.3208605288589], [-1.33460502331374, 53.3206698071665], [-1.33455495568891, 53.3206102268941], [-1.33453010401424, 53.3205606700865], [-1.33451596782813, 53.3205066794419], [-1.33452114696681, 53.3204680706352], [-1.33452471653809, 53.3203341185306], [-1.33461489756503, 53.3202258942659], [-1.33473057374684, 53.3201258074489], [-1.33491859696016, 53.3200055446015], [-1.33526026804539, 53.319754863252], [-1.33563677817746, 53.3193884606427], [-1.33584344782822, 53.3191271428645], [-1.3359507218384, 53.3189857675105], [-1.33639697915188, 53.3182791082611], [-1.33647225971425, 53.3181734068945], [-1.33652772289338, 53.3180766709597], [-1.33658057526203, 53.3179646444379], [-1.33663720768728, 53.3177923469887], [-1.33671293033319, 53.3174584169819], [-1.33671817817102, 53.3174153150828], [-1.3367066268746, 53.3172821769701], [-1.33656525646769, 53.3170127294435], [-1.33646866003704, 53.3168485645529], [-1.33649774717516, 53.3167202255108], [-1.33652586432057, 53.3166466067868], [-1.33654905337946, 53.3166036026705], [-1.336588659889, 53.3165633849552], [-1.3366585885697, 53.3165071599726], [-1.3369028434558, 53.3163421797598], [-1.33716106898812, 53.3161459150816], [-1.33724298510658, 53.3160906538021], [-1.33737635937403, 53.3160050355137], [-1.33748992840565, 53.3159436585716], [-1.33758516599626, 53.3158992549655], [-1.33766816519733, 53.315870058865], [-1.3377510519613, 53.3158480511117], [-1.33789089080634, 53.3158326485125], [-1.33837546716135, 53.3158452040686], [-1.33853470729791, 53.3158397914375], [-1.33916948453614, 53.3157506424327], [-1.33950984285509, 53.3156770331686], [-1.33971606713829, 53.3156422232099], [-1.34001872136113, 53.3155818842553], [-1.3402595397932, 53.3155346839535], [-1.34032813586413, 53.315564714204], [-1.34035493499947, 53.3155765430108], [-1.3409410420107, 53.3158278658117], [-1.34108573152602, 53.3158834751814], [-1.34120711624704, 53.3159012152177], [-1.34127891808537, 53.315915986491], [-1.34139983406547, 53.3159561880606], [-1.34162911383633, 53.3160805544673], [-1.34089465408394, 53.3169879744353], [-1.34231916904602, 53.3175764457787], [-1.34305265126168, 53.3179040415426], [-1.34334441164433, 53.3179658442195], [-1.34613016412101, 53.3183784217547], [-1.347307412577, 53.3185510770256], [-1.34723808333142, 53.3188688907224], [-1.34729512299851, 53.3188701003036], [-1.34841470436774, 53.3188887742712], [-1.34905685157218, 53.3189111352277], [-1.35166700211462, 53.3190269235823], [-1.35273337141028, 53.3190839435489], [-1.35305280236596, 53.3191090430853], [-1.35347311690131, 53.3191086284597], [-1.35375104128617, 53.3190957591291], [-1.35400494287859, 53.3190755696922], [-1.35418545601478, 53.3190549818468], [-1.35449917583146, 53.3190566822296], [-1.35470368178664, 53.3190290343943], [-1.35500626545666, 53.3189730715167], [-1.35531970372511, 53.3188947917679], [-1.35569484973759, 53.3188033644027], [-1.35594917933282, 53.3187544169654], [-1.35618349784106, 53.3187440016561], [-1.35744154139098, 53.3186383761229], [-1.35794348894667, 53.3185997453923], [-1.36006955722085, 53.3184557216655], [-1.3607127153447, 53.3184088509887], [-1.36151521901203, 53.3183492610562], [-1.3615992185443, 53.3184513464716], [-1.36161320579544, 53.3185260074533], [-1.36177742459028, 53.3184855500931], [-1.36190115849585, 53.3184376872674], [-1.36225564670351, 53.3181195818276], [-1.3626467852056, 53.3178582855295], [-1.36287745605185, 53.3176931820518], [-1.36294693380496, 53.3175650490342], [-1.36294540177063, 53.3173600625034], [-1.36284852325484, 53.3171168247485], [-1.36278950273392, 53.3170410241562], [-1.36235685872935, 53.3166647888548], [-1.36235395547504, 53.3163519575372], [-1.36231217488278, 53.3162403037178], [-1.36222367628131, 53.3161328028582], [-1.36192286751678, 53.3157716502775], [-1.36227942982009, 53.3156118021881], [-1.36239686428389, 53.3154874298065], [-1.36252190815784, 53.3153506068815], [-1.36258031678395, 53.3152591679729], [-1.36262863129087, 53.3151390084568], [-1.36262274042287, 53.3150356338322], [-1.36265411889682, 53.3150393961327], [-1.36292535360552, 53.3150749928261], [-1.36333282706289, 53.3151283905469], [-1.36356517007324, 53.3151413122313], [-1.36374173256651, 53.3151853883854], [-1.36384617844464, 53.3152272828939], [-1.36391765319463, 53.3152645079567], [-1.36398660894058, 53.3152711660666], [-1.36399105010585, 53.3152720886395], [-1.36408340723948, 53.3152195613488], [-1.36416766942075, 53.3152038348082], [-1.36421076090636, 53.3152355168585], [-1.36427924544091, 53.3153743622825], [-1.36435163308738, 53.3154502337911], [-1.36443453888855, 53.3155261613169], [-1.36467701530374, 53.3156740209233], [-1.36475638337408, 53.3156879234961], [-1.36532439071972, 53.3158491083318], [-1.3654500896029, 53.3158767360018], [-1.36575447553423, 53.3158972264748], [-1.3659808284078, 53.3159137966073], [-1.36663371479527, 53.3159172653916], [-1.36769321216489, 53.3159327721495], [-1.36857823937608, 53.315971607974], [-1.36902209025208, 53.3160009153067], [-1.36944660286708, 53.3160157399451], [-1.36994915958983, 53.3160336708963], [-1.37049262059513, 53.3160302481135], [-1.37053138992775, 53.3160448305348], [-1.37065376152977, 53.3160886105898], [-1.37069412670087, 53.3161041011697], [-1.37109515989192, 53.3160828499003], [-1.37131016284723, 53.3160633142076], [-1.37149023914369, 53.3160624648451], [-1.37164602141964, 53.3160812577409], [-1.37177117197657, 53.3161466194624], [-1.37185910306382, 53.3161929127358], [-1.37185814196722, 53.316258598458], [-1.37190693195032, 53.3163073823865], [-1.37230338031645, 53.3163966361828], [-1.37237563735885, 53.3163808404467], [-1.37239549126646, 53.3163602764266], [-1.37241835478348, 53.3163370315275], [-1.37248741967809, 53.3163364966554], [-1.37252195870001, 53.3163357793393], [-1.37263185662045, 53.3164118430956], [-1.37259056487626, 53.316569786656], [-1.37264108712888, 53.3166015946214], [-1.37278917143179, 53.3166392178744], [-1.37326951889978, 53.3167378953938], [-1.37342119185179, 53.3168348460574], [-1.37353874576333, 53.3169038504389], [-1.37365514324382, 53.3169502916407], [-1.37399796491104, 53.3171192372568], [-1.37406120682392, 53.3172040409529], [-1.37412959043144, 53.3172503196657], [-1.37425556037425, 53.3172599663278], [-1.37442406349227, 53.3172383842526], [-1.374798522882, 53.3171899322955], [-1.37492176588723, 53.3171744020588], [-1.3749366995632, 53.317177176047], [-1.37541735121368, 53.3172642537564], [-1.3759014137714, 53.3173126156717], [-1.37607391527533, 53.3173225045549], [-1.37609659453711, 53.3173118390345], [-1.37618878277881, 53.3172700843956], [-1.37627486952214, 53.3172309944978], [-1.3763696634434, 53.3172143253426], [-1.37663369847999, 53.3172274772553], [-1.37689586518897, 53.317258500552], [-1.37693000059674, 53.3172856383947], [-1.3769331901692, 53.3173728227213], [-1.37697476942438, 53.3174071878647], [-1.37703913214274, 53.3174236993755], [-1.37710070144298, 53.3174195270776], [-1.37716260969219, 53.3173919924332], [-1.37716559302261, 53.3173911091032], [-1.37725791218705, 53.3173403689918], [-1.37737107226238, 53.3173032164491], [-1.37750036525217, 53.3172886140163], [-1.37758925019841, 53.3172612198348], [-1.37814566898567, 53.3170905925563], [-1.37818925394929, 53.31708902181], [-1.3785015853447, 53.3170744736349], [-1.3787527180646, 53.3170470243442], [-1.3788834941312, 53.3170324281668], [-1.37894604430174, 53.3171657512904], [-1.3790344157983, 53.3171823866192], [-1.37932214796929, 53.3172171322008], [-1.37944205544599, 53.3172267427308], [-1.37945403366747, 53.3172286018866], [-1.37961166512999, 53.3172312180885], [-1.37977545780496, 53.3172185902954], [-1.37994417217784, 53.3171736357694], [-1.38017033577688, 53.3171011226218], [-1.38044308108612, 53.3170252552699], [-1.38061617871072, 53.3169938032849], [-1.38088299101567, 53.3170203492134], [-1.38100569375848, 53.3170506400193], [-1.3812282471222, 53.3171254823708], [-1.38132382435596, 53.3171574300103], [-1.38143132827217, 53.3171948309281], [-1.38156128868282, 53.3172368416476], [-1.38180419545787, 53.317359505104], [-1.38189836539343, 53.3173860534103], [-1.38207192651262, 53.3174255935059], [-1.38222149387061, 53.3174641102833], [-1.3828450097701, 53.3175320366274], [-1.38296149715886, 53.3175731670935], [-1.38318933957346, 53.3176938629111], [-1.38329961600575, 53.317753742368], [-1.38345243983315, 53.3177725041416], [-1.38365883913171, 53.3178265900818], [-1.3837757147168, 53.3178406722801], [-1.38387219786284, 53.3178097180583], [-1.38413826322851, 53.3176816874671], [-1.3843498611973, 53.3175803349788], [-1.38437074916165, 53.3175822404776], [-1.38444879855965, 53.3175853387122], [-1.3847196988432, 53.317637956686], [-1.38482263515588, 53.3176834190949], [-1.38493290205206, 53.3177441945862], [-1.38507643737761, 53.3177808761282], [-1.38524116447472, 53.3178068831383], [-1.38545145228074, 53.3177971787803], [-1.38574900505814, 53.3177780354439], [-1.38609487186619, 53.3177294845228], [-1.38630477552307, 53.3177467353111], [-1.38642307369673, 53.3177653144562], [-1.38648777540942, 53.317758456436], [-1.38656012188777, 53.3177363608795], [-1.38658718961742, 53.3177302090186], [-1.38664223222748, 53.317663092898], [-1.3867025339683, 53.3176436322694], [-1.38673871273592, 53.3176321345653], [-1.38683300477939, 53.317650590436], [-1.38685434797864, 53.317733373286], [-1.38694145423055, 53.3178389594812], [-1.38695250860819, 53.3179056049269], [-1.38690965030976, 53.3179602017652], [-1.38685896911262, 53.3180426169622], [-1.38691569820019, 53.3180653731985], [-1.38700259534777, 53.318073007109], [-1.38705236601937, 53.3180543904189], [-1.3870841671342, 53.3180374786733], [-1.38712648839128, 53.3180206207284], [-1.38716554901078, 53.3179111873699], [-1.38720480207013, 53.3178924269343], [-1.38725288293491, 53.3178881801663], [-1.38730405725389, 53.317883948298], [-1.3873107891176, 53.3179325991958], [-1.38726769546827, 53.3180123566916], [-1.38729405839404, 53.318055626542], [-1.38738075983148, 53.3180857242389], [-1.3875334464624, 53.3181143622875], [-1.38766678527219, 53.3181285235207], [-1.38775470263704, 53.3181774984574], [-1.38778377916395, 53.3182388443602], [-1.38778184550521, 53.3183745282334], [-1.38786252094427, 53.3184018990159], [-1.38795419042971, 53.3183960768552], [-1.3880072721693, 53.3183622000434], [-1.38803897565466, 53.3183434906644], [-1.3880814745199, 53.3183140533221], [-1.38812328713142, 53.3183241510395], [-1.38822209376491, 53.3183471215111], [-1.38832516644939, 53.3183835934332], [-1.38843906359397, 53.3183985525442], [-1.3885736977123, 53.3184261991263], [-1.38869482853773, 53.3184546746584], [-1.38877056401532, 53.3185161675555], [-1.38883082942783, 53.3186037320072], [-1.38890190918781, 53.3186705935128], [-1.38902498373858, 53.3186757146707], [-1.38925983651729, 53.3187317280357], [-1.38942825084633, 53.3187164116846], [-1.38948324382798, 53.3186439024766], [-1.38950787761398, 53.3185999949603], [-1.38964253178025, 53.3185304973951], [-1.38970301212315, 53.3184984543995], [-1.38970449808221, 53.3184984619677], [-1.38977223462231, 53.3184871249702], [-1.38983677402626, 53.3184829609762], [-1.38993241340112, 53.3185113054414], [-1.38996118402133, 53.3186032025143], [-1.3900184956053, 53.3186897625416], [-1.39012429721973, 53.3187433203083], [-1.3901704080779, 53.3187732102656], [-1.39014341367232, 53.3189834427803], [-1.39015031156637, 53.3190293077874], [-1.39016724814611, 53.319100386508], [-1.3900299653325, 53.3191545038591], [-1.39011271987773, 53.3192448778936], [-1.39023054069765, 53.3192975987408], [-1.39024643944239, 53.3193372191113], [-1.39020273755532, 53.3194601095698], [-1.39026662816263, 53.3195018618245], [-1.39023374009732, 53.3196041382445], [-1.390432737339, 53.3196491837308], [-1.39054659200634, 53.3196587490598], [-1.3905654970127, 53.3197046760038], [-1.39055957321557, 53.3198080784224], [-1.39060698032999, 53.3198514536465], [-1.39063505046743, 53.3198794538871], [-1.39055101750623, 53.3198790265227], [-1.39052691949105, 53.3198851943874], [-1.39042446024444, 53.3199098349336], [-1.39042347842032, 53.3199790246724], [-1.39054923274266, 53.3200048260507], [-1.39054402996082, 53.320162150231], [-1.39067223285265, 53.320224807621], [-1.39074657676956, 53.3203761559519], [-1.39081207815584, 53.3204178262045], [-1.39087508727722, 53.3205305652463], [-1.39094314347831, 53.3205929165805], [-1.39092945786477, 53.3207114671876], [-1.39087858720264, 53.3208074518196], [-1.39115519789196, 53.3209921789069], [-1.39116600489906, 53.3210767950503], [-1.39119856528948, 53.3211111083928], [-1.39115512328742, 53.3212070409883], [-1.39109748191472, 53.3212480853365], [-1.39123916417481, 53.3215301665858], [-1.39140688013912, 53.3215561802063], [-1.39147412131556, 53.3216850269213], [-1.39166929788677, 53.3216860179051], [-1.39176799135234, 53.3217090738197], [-1.39178993132461, 53.3217505224055], [-1.39173044477957, 53.321921859796], [-1.39186908044708, 53.3224196860843], [-1.3919480892309, 53.3224605253469], [-1.39192787061063, 53.3226122918917], [-1.39200397141391, 53.3226487135994], [-1.39198631867696, 53.3227241082575], [-1.3919324799948, 53.3228199892576], [-1.39185347650144, 53.3232069889155], [-1.39180295079138, 53.3235933231378], [-1.39175004954451, 53.3238240035146], [-1.3911463692604, 53.3247935268041], [-1.39092051742084, 53.3251565046219], [-1.39061306434478, 53.3255558216315], [-1.39057051711688, 53.3255969415488], [-1.39049315954986, 53.3256486692662], [-1.39052959303642, 53.3257243396297], [-1.39049089893664, 53.3260171858595], [-1.39042852660097, 53.3260770770464], [-1.39040755424716, 53.3262900356799], [-1.39052071219886, 53.3263499217135], [-1.39057269766948, 53.3264985494278], [-1.39055164844426, 53.3266035826528], [-1.39066022380842, 53.3267857479952], [-1.39074344004117, 53.3270540533144], [-1.39074679623937, 53.3271403384851], [-1.39092667919916, 53.3273660010466], [-1.3908292544248, 53.3275667983641], [-1.39083085990221, 53.3276630504872], [-1.39093297402487, 53.327768708901], [-1.39091659324154, 53.3278674754774], [-1.39105192495009, 53.3279616206712], [-1.39113276108219, 53.3281885764143], [-1.39119161040612, 53.328272447742], [-1.39120485932102, 53.3282896793219], [-1.3911549126879, 53.3283199787691], [-1.39110034722039, 53.3283529513898], [-1.39114568036606, 53.328438550935], [-1.3911764427772, 53.3284953210036], [-1.3911640401407, 53.3285231163293], [-1.39110754354671, 53.3285875303353], [-1.39105301031771, 53.3286268825044], [-1.39097222526211, 53.32881518451], [-1.39087745384341, 53.3289334117572], [-1.390782433695, 53.3291737623814], [-1.39087971153523, 53.329306445572], [-1.39088406705358, 53.3293136561191], [-1.39081571415225, 53.3293672266465], [-1.3907788617879, 53.3294254508294], [-1.39080968817806, 53.3294777277683], [-1.39076977676461, 53.3295422259142], [-1.39077290674991, 53.3296357899923], [-1.39074811302729, 53.3296904799178], [-1.39062379999625, 53.3298750555626], [-1.39069200275574, 53.3301548765017], [-1.390610261222, 53.3303055207271], [-1.39068376015446, 53.3304128315712], [-1.39053025281629, 53.3305433406513], [-1.39051135950737, 53.330609743372], [-1.39050821409188, 53.3306133220253], [-1.39050500041813, 53.3306303791532], [-1.39044500896012, 53.3308359507477], [-1.39039878753326, 53.3309174910234], [-1.39036352172803, 53.3309685329269], [-1.39034036319761, 53.3310214350939], [-1.39035008558479, 53.3310691112243], [-1.39036595725234, 53.3311196051906], [-1.39038705819539, 53.3312203591963], [-1.39072488569658, 53.3316409293769], [-1.38937506169543, 53.3326939024152], [-1.3887846126662, 53.3331385001451], [-1.38872991111617, 53.3331804562179], [-1.38891950714537, 53.3332640975416], [-1.38868330855252, 53.333505612955], [-1.38856992059118, 53.3336605864738], [-1.38850414994471, 53.3337492144146], [-1.38828994323998, 53.3340276813473], [-1.38806668282305, 53.3343070004024], [-1.38795339732844, 53.3344627811409], [-1.38791949306757, 53.3345219166371], [-1.3875561863029, 53.334299898413], [-1.38722578117671, 53.3340977274754], [-1.38649647524491, 53.334585718171], [-1.3865772275011, 53.3348170767774], [-1.38657329018515, 53.334884542305], [-1.3865715460456, 53.3349025063664], [-1.38733087432778, 53.3352497534994], [-1.38767658842892, 53.3354384342271], [-1.38787298782718, 53.3355662325114], [-1.38809293395081, 53.335727310331], [-1.38856304338166, 53.3360407230338], [-1.38891614667387, 53.3362331228413], [-1.38895026644959, 53.3362629508517], [-1.38896505563275, 53.3362765058534], [-1.38894216341659, 53.3363015503976], [-1.38880417869584, 53.3364005927718], [-1.38878592268216, 53.3364130802709], [-1.38876777695671, 53.3364264672056], [-1.38882296011694, 53.3364466077023], [-1.38882443388516, 53.3364475140994], [-1.38885943856063, 53.3364152531951], [-1.3888899481468, 53.3363857540594], [-1.38893391418468, 53.336359020202], [-1.3890784627957, 53.3363292039412], [-1.38914063676576, 53.3362845907448], [-1.38915630550108, 53.3362451308892], [-1.38927700479552, 53.3360991819299], [-1.38938435949908, 53.3360467108655], [-1.38945841281904, 53.3360111432052], [-1.38958490711859, 53.3359884243476], [-1.38978066298581, 53.3359534766662], [-1.38995967527207, 53.3359292272], [-1.39025105919581, 53.3359262183604], [-1.39044549691733, 53.3359838211581], [-1.39069775712585, 53.3359806112245], [-1.39086559092442, 53.3360111188844], [-1.39096080868624, 53.3360718108454], [-1.39107012352623, 53.336090339732], [-1.39116642890084, 53.3360746540127], [-1.39123101800613, 53.3360776780582], [-1.39126505008274, 53.3361137953714], [-1.39134116567263, 53.3361421301293], [-1.39159019699167, 53.3361658601982], [-1.39176571441088, 53.3361784343984], [-1.3918957448642, 53.3362204314092], [-1.39199407827596, 53.3362712525724], [-1.39233262184774, 53.3363304828148], [-1.39244758416868, 53.3363786931664], [-1.39260805908242, 53.3363956824612], [-1.39270151405912, 53.3364762231652], [-1.39290873212946, 53.3364799694961], [-1.39329089869311, 53.3365367225196], [-1.39343417428962, 53.3365967572609], [-1.39357981275658, 53.3365947990639], [-1.39382315983815, 53.3366966768546], [-1.39404461145103, 53.3367535119697], [-1.39418614540175, 53.3367353569289], [-1.39443636525979, 53.33687689818], [-1.39466279370441, 53.336905900164], [-1.39467623814183, 53.3369095627475], [-1.39467262302805, 53.3369463878066], [-1.39483745302023, 53.3369795716025], [-1.39500452323317, 53.3370558993139], [-1.39525214324082, 53.3370661370757], [-1.39552677570704, 53.3370836981411], [-1.3957260391299, 53.3371162455711], [-1.39621758755692, 53.3371879191271], [-1.39671789668361, 53.337279404885], [-1.39698175833358, 53.3373058954479], [-1.39713459751384, 53.3373291307969], [-1.39728577496469, 53.3373649383608], [-1.39758802851074, 53.337443830693], [-1.39772853182984, 53.3374903670327], [-1.39829721929629, 53.3375273746059], [-1.39839297093311, 53.3375512195102], [-1.39860635068503, 53.337654735415], [-1.39899165907509, 53.3377007027619], [-1.3991129551847, 53.3377219795778], [-1.39920842826082, 53.3377656824237], [-1.39931727288567, 53.3378273355952], [-1.39959118770203, 53.3379940566311], [-1.39969979201119, 53.3380728716037], [-1.3998462564873, 53.3381185375234], [-1.40003040983955, 53.3381607975], [-1.40073604545583, 53.3382874428082], [-1.40073753213047, 53.3382874502494], [-1.40074343667538, 53.3382901764607], [-1.40116119966796, 53.3383803324039], [-1.40148782734719, 53.3384350745928], [-1.40209596124099, 53.338547742568], [-1.40271137604764, 53.3386802135551], [-1.40288831610827, 53.3386981685607], [-1.40325565731813, 53.3386388916009], [-1.40336986533204, 53.3386268793063], [-1.40364213689402, 53.3387082117354], [-1.40373439584607, 53.3387698677884], [-1.40389590670118, 53.3388200954659], [-1.40415140274155, 53.3389148229968], [-1.40446887115627, 53.3389784058519], [-1.40488534287752, 53.3390551510238], [-1.40535562619398, 53.3391446517201], [-1.4060275289458, 53.3393214185804], [-1.40630606174737, 53.3393803999447], [-1.40639582863445, 53.3393988177359], [-1.40657772376874, 53.3394976681709], [-1.40663247258947, 53.3395590463686], [-1.40682046174453, 53.3396471435555], [-1.40712626022383, 53.3397943244736], [-1.40732289184147, 53.3399112198656], [-1.40756514992713, 53.3400958269917], [-1.40726146100887, 53.3404502728677], [-1.40710629776842, 53.340585198652], [-1.40678574021902, 53.340851494229], [-1.40753883086613, 53.3413478467216], [-1.40829069035149, 53.3418270240692], [-1.40854750014227, 53.3419362170037], [-1.40874684512064, 53.3419650577052], [-1.41020201643046, 53.3419821108639], [-1.41103390674883, 53.3419924911679], [-1.41110832261112, 53.3419299529648], [-1.411264784267, 53.3416906974646], [-1.4113717728666, 53.3415554407979], [-1.41152020464963, 53.3414681039219], [-1.41230568419817, 53.3411411718455], [-1.41238430722479, 53.3410966255687], [-1.4123515548931, 53.3410829862331], [-1.4121842905012, 53.3410084782473], [-1.41211280505505, 53.3409658917689], [-1.41238175557645, 53.3405231087995], [-1.4124895111779, 53.3403313302591], [-1.41266965150906, 53.3398899082046], [-1.41302640652019, 53.339617483748], [-1.41296489339191, 53.339497664896], [-1.41296189842275, 53.3393907133915], [-1.41280397452804, 53.3392945960217], [-1.41267549825968, 53.3391367065679], [-1.41265196226415, 53.3388839863648], [-1.41258981193377, 53.338810892757], [-1.41319162254675, 53.3384011904876], [-1.41385128211452, 53.3379343454352], [-1.41450962541804, 53.3383348459462], [-1.41505362994632, 53.3378674293554], [-1.4156953755001, 53.3372772845393], [-1.41593486145898, 53.3371211016383], [-1.41611499807402, 53.3370132445417], [-1.416302601427, 53.3369117148332], [-1.41651875360933, 53.3368048414865], [-1.41662604949833, 53.336754142472], [-1.41723243070861, 53.3364496710985], [-1.41739276815602, 53.3363587901626], [-1.41756372962525, 53.3362696676149], [-1.41781685227454, 53.3360929690064], [-1.41827183371815, 53.3358767218209], [-1.41847034295447, 53.3357464852619], [-1.41867468611389, 53.3356242758851], [-1.41901155749253, 53.3354803322182], [-1.41911485428614, 53.3353954633458], [-1.41926133920043, 53.3353304839983], [-1.41946835884112, 53.3352389292997], [-1.42029823934643, 53.3348303881194], [-1.42071080458398, 53.3346363930382], [-1.42086649613, 53.3345679515529], [-1.42115860651211, 53.3348408395718], [-1.4211549079295, 53.3348947395314], [-1.4211531301117, 53.3349073117375], [-1.42112894116434, 53.334919775633], [-1.42103676958031, 53.3349696533266], [-1.42118283391083, 53.3350459339483], [-1.42119224724554, 53.3350180321975], [-1.4212047657622, 53.3349803502992], [-1.42124835838648, 53.3349796620599], [-1.42143150402164, 53.3349778511159], [-1.42159579428033, 53.3349328140389], [-1.42171372558714, 53.3349926928152], [-1.42180017982991, 53.3350363348753], [-1.42186859031583, 53.3349763669884], [-1.42205438456392, 53.3350078167295], [-1.42208428522265, 53.3350124545283], [-1.4222688350732, 53.3350259256219], [-1.42228743965426, 53.3350970964793], [-1.42228886575493, 53.3351015968833], [-1.42239673101819, 53.3351182925239], [-1.42251983384191, 53.3351251764944], [-1.42259330320799, 53.3351309221977], [-1.42260952790963, 53.3351489727129], [-1.42261529215937, 53.335171466327], [-1.42251885464561, 53.335197959871], [-1.42241362224788, 53.3352064386252], [-1.4223751383905, 53.3352691570071], [-1.42240174335385, 53.3353070276812], [-1.42251879382259, 53.3353129844737], [-1.42255480954853, 53.3353140560935], [-1.42257253145872, 53.3353312158444], [-1.42262745460006, 53.3353809947711], [-1.42264909595759, 53.3353369764292], [-1.42272132079954, 53.3353247437482], [-1.42288092475437, 53.3352967566335], [-1.42292908312227, 53.3352880025092], [-1.42293936468302, 53.3353060252424], [-1.42298637427271, 53.3353827243236], [-1.4230435346002, 53.3353767092718], [-1.42309611353545, 53.3353706721273], [-1.42320041637327, 53.3354313826302], [-1.42314232608756, 53.3355065876182], [-1.42309344436266, 53.3355692561424], [-1.42321956850167, 53.3355725592839], [-1.42327205104418, 53.3355737108736], [-1.42327168882225, 53.3356006675762], [-1.42327129036661, 53.3356303207578], [-1.42317152914855, 53.3356829491824], [-1.42324904961797, 53.3357282541091], [-1.42337539967673, 53.3357054977076], [-1.42347184020783, 53.335687989628], [-1.4234804535062, 53.3357104969041], [-1.42350660250729, 53.3357825128396], [-1.42348949660629, 53.3359405883313], [-1.42365746079108, 53.3359539773898], [-1.42398523414788, 53.3359241020476], [-1.4240273787104, 53.3359207109624], [-1.42407654029301, 53.3359479057777], [-1.42417943181134, 53.336003306078], [-1.42426679688086, 53.3359793734452], [-1.42431650108623, 53.3359661326631], [-1.42437323893288, 53.3359916567825], [-1.42443145109665, 53.3360179969537], [-1.42463102357567, 53.3360288407522], [-1.42486290618547, 53.3360955539817], [-1.4250765881721, 53.3360606351723], [-1.42509024250704, 53.3360580040541], [-1.42519486404256, 53.3360953504847], [-1.42525153929844, 53.3361162904672], [-1.42569365394037, 53.3361840105759], [-1.42573524394959, 53.3362219522963], [-1.42583581687676, 53.3362287247851], [-1.42603614787899, 53.3361829563583], [-1.4261133587915, 53.3361312063138], [-1.42612238506027, 53.3361321475415], [-1.42631529568663, 53.3361968743299], [-1.42672968763735, 53.3361988581773], [-1.42677326785474, 53.3361990667283], [-1.42689527018039, 53.3361681985477], [-1.42713172167645, 53.3362268419137], [-1.42715269801372, 53.3362323337285], [-1.42723676516551, 53.3362327357144], [-1.4273206555946, 53.3362556025869], [-1.42740507058049, 53.3362299456919], [-1.42747988358993, 53.3362464786763], [-1.42755401808936, 53.336211786407], [-1.42757517105771, 53.3361948141006], [-1.42759644565392, 53.336177841473], [-1.42765335464938, 53.3361906941616], [-1.42772863514767, 53.3361721826656], [-1.42779207815845, 53.336150019945], [-1.42789648496737, 53.3362035374497], [-1.42791600023762, 53.3362072252838], [-1.42824174756504, 53.3363292865662], [-1.42867662677201, 53.3363735963283], [-1.4289912775075, 53.3364272173853], [-1.42911498306839, 53.3364916087777], [-1.42921712593678, 53.3364920955003], [-1.42934299164171, 53.3365151609205], [-1.42944117911508, 53.336580330184], [-1.42971357339695, 53.3366554039156], [-1.42991166488569, 53.336666231772], [-1.43010609894523, 53.3367192767911], [-1.43026477081091, 53.3367613684198], [-1.4304305270702, 53.336829553913], [-1.43096008773555, 53.3369894198163], [-1.43106361111669, 53.3369979987421], [-1.43114991256345, 53.3370541230733], [-1.4315747548054, 53.3371837448883], [-1.4318324451014, 53.3372289999048], [-1.43252427867256, 53.3372628319319], [-1.43274977855365, 53.3373547507161], [-1.43280654786663, 53.3373783841242], [-1.43284563665921, 53.3373812649227], [-1.43298811659475, 53.3373936212014], [-1.43314251064855, 53.3375255507647], [-1.43315444824019, 53.3375309996365], [-1.43343235898272, 53.337526921818], [-1.43344194469389, 53.3375979590051], [-1.43344459474151, 53.337622324032], [-1.43354324757639, 53.3376623296053], [-1.43358352061951, 53.3376786953818], [-1.43361184412674, 53.3376905111459], [-1.43365926410065, 53.3376251358518], [-1.43372990906794, 53.3375076605911], [-1.43390975106137, 53.3374285325224], [-1.43480799094609, 53.3374067139141], [-1.43594038642616, 53.3374066693143], [-1.43606755994006, 53.3374441134999], [-1.43673578784668, 53.337449060652], [-1.43693929003186, 53.3373978995322], [-1.4370350679215, 53.3373084877597], [-1.43762319700862, 53.337123354058], [-1.43782673720902, 53.3370596109348], [-1.43819031996412, 53.3370478405808], [-1.43827146935968, 53.3370446273033], [-1.43852676884002, 53.3369334091995], [-1.43857509305527, 53.3369120693457], [-1.43878575948429, 53.3368807078733], [-1.43881258816017, 53.3368934145381], [-1.43885445056795, 53.3369115832456], [-1.43902216014345, 53.3369456199167], [-1.43928113366993, 53.3367805899113], [-1.43932060198965, 53.3367547147299], [-1.43938543902471, 53.3367298573909], [-1.43962549596246, 53.3366383354918], [-1.44011467995424, 53.3365471703403], [-1.44051248029751, 53.3364465903556], [-1.44087243607689, 53.3363709035918], [-1.44114135871167, 53.3363631741743], [-1.44127454072107, 53.3364052233582], [-1.44137335565075, 53.3365377825388], [-1.44146173810495, 53.3366729886135], [-1.44197211462372, 53.3374924881712], [-1.44213573422471, 53.3373845190291], [-1.4422311522148, 53.3373219708913], [-1.44264976921708, 53.3373536671098], [-1.44303098730568, 53.3372618975898], [-1.44319173061842, 53.3371368394946], [-1.44349648714433, 53.3369162097981], [-1.44390169465188, 53.3365882120174], [-1.44425664179913, 53.3362015693891], [-1.44451177126387, 53.3361021098022], [-1.4449962285394, 53.3358014350673], [-1.44525828742505, 53.3356255333071], [-1.44579228264831, 53.3352181506046], [-1.44598335595187, 53.335073369895], [-1.44645943318516, 53.3344903955424], [-1.44656200814232, 53.3344576211454], [-1.44656949487491, 53.3344531632304], [-1.44660790045708, 53.3343940323122], [-1.44690077752272, 53.3342659867646], [-1.44703173195921, 53.3341353046981], [-1.44740370479749, 53.3339321399149], [-1.44802878608223, 53.3334388114546], [-1.4480439400668, 53.3334254019085], [-1.44842497068796, 53.3331143524862], [-1.44881780162167, 53.3328096457732], [-1.44922552603341, 53.3325112977095], [-1.44934374526955, 53.3324264736477], [-1.44950895649569, 53.3323076287038], [-1.44967416419221, 53.3321888734135], [-1.44984243257282, 53.3320728286232], [-1.45007690998404, 53.3319399234111], [-1.45052435904005, 53.3317091497962], [-1.45080385208865, 53.3315702506659], [-1.45105156210296, 53.3314572641764], [-1.45129614058844, 53.3313567544748], [-1.45158871547427, 53.3312592492693], [-1.45193696444814, 53.3311548102734], [-1.45211784131672, 53.3310972299007], [-1.45239966845694, 53.33101665755], [-1.45273864599964, 53.3309301458332], [-1.4529675765649, 53.3308808714066], [-1.45330772679203, 53.3308186258742], [-1.45359070195747, 53.330764116145], [-1.45393672289027, 53.3307171720432], [-1.45434393884413, 53.3306866825329], [-1.45469726879098, 53.3306586405808], [-1.45566922366731, 53.3306235330161], [-1.45605198697922, 53.3306270727537], [-1.45793146667061, 53.3306679635252], [-1.45988027916359, 53.3306893682185], [-1.459745794021, 53.3306330453437], [-1.4588615541872, 53.3302623188489], [-1.45852704384039, 53.3302419326406], [-1.45672845834959, 53.3295065184949], [-1.45663683601575, 53.3293901802972], [-1.4575200428043, 53.3286580447339], [-1.45757395902915, 53.328662782955], [-1.45827593729984, 53.3287288705333], [-1.4589855846532, 53.3291284650843], [-1.45993629200958, 53.3297044661204], [-1.46116289328734, 53.3287643884139], [-1.46129974012983, 53.3286229336712], [-1.46169234488929, 53.3284530662259], [-1.46170131382893, 53.3284486140489], [-1.46168337039155, 53.3283299158545], [-1.46165782232759, 53.3282057011573], [-1.46158105442015, 53.3281083046434], [-1.46148820795588, 53.3279703080362], [-1.46122421636892, 53.3278271362725], [-1.4611136740156, 53.3277772140793], [-1.46095381987423, 53.3277207790283], [-1.46089726262389, 53.327679995407], [-1.4608423265903, 53.3276285269513], [-1.46079656193509, 53.3275663160452], [-1.46072411884743, 53.3274797213895], [-1.46023906366378, 53.3272455982666], [-1.45982666988542, 53.3270909700807], [-1.45930918509425, 53.3269258892946], [-1.45919140182704, 53.3268615550337], [-1.45871342513123, 53.326666097666], [-1.45803651415615, 53.3264122253612], [-1.45733909658426, 53.3263506505061], [-1.45659348200016, 53.3263023310508], [-1.45655180326027, 53.3261529713121], [-1.45643799330344, 53.3260103818951], [-1.45638221539973, 53.3259184689183], [-1.45631945071999, 53.3257725169801], [-1.45629586914372, 53.3256214417212], [-1.45635472675219, 53.3254806264669], [-1.45636993137518, 53.3251120829681], [-1.45630380936534, 53.3251135789941], [-1.45575414126669, 53.3251263532163], [-1.45561213793203, 53.3250789783508], [-1.45543563492323, 53.325028750374], [-1.45530674688528, 53.3250110888089], [-1.45521082959642, 53.3249899837188], [-1.45513004975492, 53.324966250948], [-1.4550394786635, 53.3248948474556], [-1.45474207004458, 53.3246669489906], [-1.45465192692449, 53.3245524128133], [-1.45461218368365, 53.3244946305902], [-1.45456178392226, 53.3244377875765], [-1.45446844161135, 53.3243412087687], [-1.45434290526079, 53.3242939075531], [-1.45430705721385, 53.3242802652158], [-1.45431167047566, 53.3242775896561], [-1.45516568766907, 53.3238203157404], [-1.4558246792315, 53.3234736667399], [-1.45582073632939, 53.3234332110678], [-1.45580230188815, 53.3232281520159], [-1.4556867200471, 53.3228752771132], [-1.45559098322566, 53.3226069625379], [-1.45544370488566, 53.3222647267577], [-1.45525733715635, 53.3219303997651], [-1.45522930614875, 53.3218862396429], [-1.4552309726134, 53.3218817546587], [-1.45522358182387, 53.3218691402976], [-1.45523410211923, 53.3218691882596], [-1.45582587942783, 53.3218512159249], [-1.45615475909628, 53.3218419302724], [-1.4564380258199, 53.3218764676669], [-1.4569149949177, 53.3217950651996], [-1.45712535563696, 53.3217807446811], [-1.45728009693386, 53.3217697648976], [-1.45727876042306, 53.3217580770377], [-1.45726450841719, 53.3214568853144], [-1.45724073534308, 53.3209695461639], [-1.45725580850996, 53.3207277963297], [-1.45726191949229, 53.3207143445423], [-1.45733438637954, 53.3206805262671], [-1.45753226447863, 53.3205861717616], [-1.45770145930907, 53.3205087600074], [-1.45788412321346, 53.3204232311472], [-1.45820740833312, 53.3202683379171], [-1.45849244995724, 53.3201617954298], [-1.4589083760212, 53.3200314926617], [-1.45973486467779, 53.3197341052904], [-1.45973630389701, 53.3197377064027], [-1.45997367756276, 53.3200830399083], [-1.46042705323009, 53.3200743050741], [-1.46046764956127, 53.3200744883801], [-1.46049603753362, 53.3200809068867], [-1.46099310560452, 53.320190175632], [-1.46166691279853, 53.320212084107], [-1.4623625907943, 53.3200398958445], [-1.4628477225058, 53.3198973999419], [-1.46302546604425, 53.3198478761412], [-1.46322290053778, 53.31978756683], [-1.46341647514898, 53.3196797037098], [-1.46355058292289, 53.3196353746324], [-1.46366542751485, 53.3195774803021], [-1.46373344336944, 53.3195427392931], [-1.46383061383494, 53.3194532239303], [-1.46393102175807, 53.3194707476667], [-1.4639339924371, 53.3194707609936], [-1.46406076308533, 53.3194192101176], [-1.46412257892053, 53.3193952239941], [-1.46470012658361, 53.3190670317173], [-1.46489965642294, 53.3189573951169], [-1.46501574754251, 53.3189183760698], [-1.46517101653212, 53.318864165086], [-1.46524938116515, 53.3188429490747], [-1.46540391890931, 53.3188472351569], [-1.46547452125448, 53.3188430575191], [-1.46560684797082, 53.318822082647], [-1.46568971238167, 53.3187972918658], [-1.46578638362849, 53.3187572863575], [-1.46590890652403, 53.3186787554438], [-1.46621877096142, 53.3185048196658], [-1.46638520501702, 53.3183986273433], [-1.46688312096278, 53.3180817506606], [-1.46698507860828, 53.3180840023517], [-1.46704286089089, 53.3180258502248], [-1.46706117668709, 53.3180061620368], [-1.46713169766795, 53.3180082733917], [-1.46720816130289, 53.3180104121007], [-1.46722050230842, 53.317993392977], [-1.4673291540956, 53.3178257462162], [-1.46744659027399, 53.3177975137185], [-1.46748569833123, 53.3177878030685], [-1.46748524229746, 53.3177051278175], [-1.46748461818982, 53.3176358414731], [-1.46753493989904, 53.3175704666479], [-1.46761613739427, 53.3175600455228], [-1.46767924305632, 53.3175513406009], [-1.46771141689945, 53.3175020592288], [-1.46772063039579, 53.3174877227489], [-1.46778997886673, 53.3174646671564], [-1.46781855614021, 53.31745580837], [-1.46781866785957, 53.3174468228042], [-1.46782703359085, 53.3173812609898], [-1.46790521373709, 53.3173645349971], [-1.46790252506935, 53.3173419684276], [-1.4678051805249, 53.3172076401404], [-1.46786581929666, 53.3171584863968], [-1.4679128327397, 53.3171200548681], [-1.46804035168948, 53.3171269129622], [-1.46832088072831, 53.3171407419619], [-1.46839056186313, 53.3170907292001], [-1.46840268954759, 53.3170808981953], [-1.46854989162201, 53.3170671752212], [-1.46860682156761, 53.3170773132567], [-1.46884651162069, 53.3171206131477], [-1.46911794801424, 53.3171388931142], [-1.46936940845872, 53.3172011161295], [-1.46962316629763, 53.3171878638971], [-1.46986719530502, 53.3173606721629], [-1.47001729118545, 53.3173631354853], [-1.47007536151263, 53.3174011349403], [-1.47026291263016, 53.3174073576998], [-1.47093143410718, 53.3176125080134], [-1.47121212004634, 53.3176137500006], [-1.47136751426086, 53.3176683545833], [-1.47157357658707, 53.3177592170951], [-1.47169757925966, 53.3178002029289], [-1.47182118561742, 53.317883422363], [-1.47186164616493, 53.3178943840477], [-1.4719549578016, 53.3178750273039], [-1.47210465550097, 53.3178999509451], [-1.47216416022273, 53.317952333232], [-1.47220032955541, 53.3180604173658], [-1.47245242843995, 53.318061530207], [-1.47293810280774, 53.318241598795], [-1.47302557320747, 53.318214127375], [-1.47310947424357, 53.3182252810312], [-1.47335416301105, 53.3183459655143], [-1.47340115251595, 53.3183092386189], [-1.47347854642165, 53.3183563974815], [-1.4735692119193, 53.3184313828108], [-1.47369360821947, 53.31845080157], [-1.47375173853714, 53.3184843060095], [-1.47397245561069, 53.3183603697029], [-1.47404976301135, 53.3184146271342], [-1.47438659301745, 53.3184906937748], [-1.47496151058244, 53.3186208238163], [-1.47507311580984, 53.3186941921031], [-1.47516771398074, 53.3186910128676], [-1.47529467477652, 53.3187436906267], [-1.47565188790402, 53.318873760415], [-1.47581995811451, 53.318874497522], [-1.47592643361983, 53.3188920376144], [-1.47591958708654, 53.3189558996801], [-1.47604423858136, 53.318954559368], [-1.47613386201973, 53.3189837970845], [-1.47619376905602, 53.3190038294752], [-1.4762443752362, 53.3190355028727], [-1.47633672947729, 53.3190943173194], [-1.4763682893401, 53.3190944555685], [-1.47654539533936, 53.3190952312328], [-1.47653873761227, 53.3191437278795], [-1.47658491102031, 53.3191735848681], [-1.47659093138511, 53.3191772049333], [-1.47660892057848, 53.3191736899936], [-1.47670077979929, 53.3191516265551], [-1.47684668323192, 53.3192547073311], [-1.47691687648276, 53.3192838603203], [-1.47701168553322, 53.3192635174142], [-1.47704928557278, 53.3192555938262], [-1.47715163280747, 53.3192362716502], [-1.47728001529559, 53.3192944348504], [-1.47737143555154, 53.3193083141123], [-1.47739230759262, 53.3193119999663], [-1.47741616755474, 53.3193345689737], [-1.47753793521617, 53.3193162302392], [-1.47767042912035, 53.3192808650062], [-1.47777417408255, 53.319268647723], [-1.47786569460769, 53.3192744389616], [-1.47797461139368, 53.3193253271817], [-1.47818304688314, 53.3193451082174], [-1.47829693939686, 53.3193635774431], [-1.47842147197745, 53.3193722089495], [-1.47854749595432, 53.3193700630214], [-1.47880157455394, 53.3193415162717], [-1.47899236867155, 53.3193261727162], [-1.47918617982676, 53.3193171323314], [-1.47946678989564, 53.3193255437639], [-1.47959880304774, 53.3193297131357], [-1.47962757819382, 53.3193145620096], [-1.47965054134271, 53.3192786269458], [-1.47966652250129, 53.3191960242269], [-1.47968832609636, 53.319133215818], [-1.47969520670406, 53.3190559640391], [-1.47977164206396, 53.3189483732024], [-1.47960697905163, 53.318911711359], [-1.47961047403041, 53.3188685931282], [-1.47957710182605, 53.3187731939968], [-1.47964818209212, 53.3187294711024], [-1.47969024721457, 53.3187206681412], [-1.47977132241621, 53.3187201221228], [-1.4801149060379, 53.3187404878586], [-1.48016338454535, 53.3187029566918], [-1.48019063723542, 53.3186806104998], [-1.48035271111355, 53.318685807727], [-1.48049664053478, 53.3186972171136], [-1.48063588445818, 53.3187274760659], [-1.48077071704653, 53.3187541219901], [-1.48093684471602, 53.3187925854399], [-1.4811456166815, 53.3187845057087], [-1.48132069255866, 53.3188301957698], [-1.48144357487711, 53.3188522965007], [-1.48157991131831, 53.3188672653466], [-1.48170150520004, 53.3188731840589], [-1.48186818891607, 53.3188658194493], [-1.48200829343983, 53.3188250900307], [-1.48214526553752, 53.3187978264163], [-1.48226711512838, 53.3187722940029], [-1.48234777744371, 53.3188058927291], [-1.48239822498005, 53.3188510414667], [-1.48242955651795, 53.3188700481176], [-1.48246392236196, 53.3188836764411], [-1.48249993874053, 53.3188838323616], [-1.48253303734658, 53.3188794821621], [-1.4825571771104, 53.3188688037428], [-1.48262685685222, 53.3188178838069], [-1.48265860117296, 53.3188027447997], [-1.48269476802244, 53.31879032065], [-1.4828179404478, 53.3187782729369], [-1.48292397923659, 53.3188218650936], [-1.48303154848882, 53.318738759171], [-1.48311113765532, 53.3187382044563], [-1.48324033067242, 53.3187297769428], [-1.48329303902564, 53.3187210187197], [-1.48333061423734, 53.318714890796], [-1.48338751738875, 53.3187277173832], [-1.48344294537936, 53.3187396386932], [-1.48361678682305, 53.318764653102], [-1.48365428765019, 53.3187648150864], [-1.48372324909327, 53.3187732001173], [-1.483764034804, 53.318747316053], [-1.48371121257405, 53.3186526430751], [-1.48374729228763, 53.3186474074369], [-1.48382100275239, 53.3186315504704], [-1.48387201505877, 53.318629973875], [-1.48403122696596, 53.3186261676883], [-1.48413025931736, 53.3186247982358], [-1.48429719467523, 53.3186066475081], [-1.48437565223762, 53.3185665482274], [-1.48451253394962, 53.3185464698135], [-1.48463145562636, 53.318517328655], [-1.48477542222168, 53.3185359213475], [-1.48480608922583, 53.318599855706], [-1.48473259854336, 53.318720941997], [-1.48471580266206, 53.3187487266534], [-1.484910168229, 53.3186830663809], [-1.48509199263945, 53.3186720780199], [-1.48511340038302, 53.3186416174475], [-1.48514235268137, 53.3186013044305], [-1.48524985078385, 53.3185235876628], [-1.48538073409807, 53.3184980909745], [-1.4855883325555, 53.3184639382267], [-1.4856259087318, 53.3184578095863], [-1.48562163720293, 53.3184425148163], [-1.48561300197246, 53.3184092282524], [-1.48564757363123, 53.3184057833036], [-1.48611498742709, 53.3183591778348], [-1.48630731312728, 53.318339336597], [-1.48656601418103, 53.3183063006119], [-1.48712997950414, 53.3182170622684], [-1.48724898466699, 53.3181807287649], [-1.48739008367894, 53.3181804359164], [-1.48820855216328, 53.3180256957492], [-1.48835189778273, 53.3179616092033], [-1.48844979688217, 53.3179305765229], [-1.48855367409713, 53.3179067576461], [-1.48865298880255, 53.3178919061197], [-1.48878810857849, 53.3178843968383], [-1.48901775376066, 53.3178898712483], [-1.48914246664477, 53.3178832159568], [-1.48924918522197, 53.3178701924263], [-1.4893665408144, 53.3178473302035], [-1.48943124536083, 53.3178287355838], [-1.48952104731901, 53.3177292819014], [-1.4896627876347, 53.3176750718641], [-1.48980848995322, 53.3176622142528], [-1.49004966097451, 53.317583266751], [-1.49023575147449, 53.3175876541406], [-1.49039950113498, 53.317576670517], [-1.49053017380887, 53.317568241433], [-1.49061008305439, 53.3175407249172], [-1.49082699041992, 53.3174724553644], [-1.49088426827203, 53.3174538283262], [-1.4909643476222, 53.3174118440005], [-1.49106536002019, 53.3173790255856], [-1.49112401531805, 53.3173693903539], [-1.4912005510344, 53.3173652235508], [-1.4912861497853, 53.3173691815492], [-1.49139693706739, 53.3173885239401], [-1.49181731980518, 53.3173822245586], [-1.49193301756518, 53.3173737302805], [-1.49210088896023, 53.3173906188868], [-1.49233046951016, 53.317401479005], [-1.49237274975366, 53.3173845844141], [-1.49262961751706, 53.3172338081179], [-1.49268421131973, 53.3171909063845], [-1.49273133058845, 53.3171415926921], [-1.49277250177702, 53.3170824586992], [-1.49279877027491, 53.317027754042], [-1.49283018882884, 53.3169038785041], [-1.49285781236702, 53.3168599633899], [-1.49290325964628, 53.3168160339903], [-1.49294869048223, 53.3167838761746], [-1.49298952795825, 53.3167633815427], [-1.49309500135762, 53.3167296805599], [-1.49351464630095, 53.3166595699115], [-1.49395360321977, 53.3165994244709], [-1.49413847087042, 53.3165813359122], [-1.49448862212319, 53.3165477708497], [-1.49527589039066, 53.3164836115874], [-1.49557986671926, 53.3164192955862], [-1.49593597366897, 53.3163947374624], [-1.49612666412277, 53.3163865553069], [-1.49633233879377, 53.3163775371039], [-1.49670191308554, 53.3163548311846], [-1.49690731077361, 53.3163799581996], [-1.49740803975803, 53.316296695527], [-1.49766932140032, 53.3162950979939], [-1.4977476131619, 53.3162675699051], [-1.49836085076322, 53.3162044558453], [-1.49847048016998, 53.3161959297664], [-1.49868222939246, 53.3161860341212], [-1.4990087640909, 53.316118209377], [-1.49920849757905, 53.3161091613172], [-1.4997814107103, 53.3160225973438], [-1.49992722751689, 53.3160097278619], [-1.50025158343003, 53.3159904154891], [-1.50049962563693, 53.3159671896945], [-1.50061562039274, 53.3159326280458], [-1.50071498252361, 53.3159024004099], [-1.50092248341719, 53.3162566039642], [-1.50101220968919, 53.3164160336004], [-1.50126661662991, 53.316738889868], [-1.50139757749107, 53.3168328931017], [-1.50213193956548, 53.3175820754971], [-1.50259121067009, 53.3174562940607], [-1.50281110853298, 53.3173952044263], [-1.50297962220586, 53.3173572643179], [-1.5034341718162, 53.3172540145738], [-1.50370668788845, 53.3171804713027], [-1.50449446212867, 53.3170830938864], [-1.50523640673735, 53.3169136322986], [-1.50550865808253, 53.3168625493757], [-1.50558077807412, 53.316854759589], [-1.50585290323358, 53.3168253319543], [-1.50594173186452, 53.3167960443068], [-1.50595983188385, 53.3167934233815], [-1.50607086277303, 53.3167920853197], [-1.50608305431337, 53.3167759604357], [-1.50611815176135, 53.3167266816977], [-1.50618842413106, 53.316750335545], [-1.50623033547139, 53.3167648870613], [-1.50643810730252, 53.316713624675], [-1.50648477405819, 53.3167021355535], [-1.50649358181811, 53.3167111579654], [-1.50651440210115, 53.3167301148911], [-1.50676525873263, 53.3167203672369], [-1.506860057337, 53.3166991916147], [-1.50694133694492, 53.3166806558872], [-1.50709023764335, 53.3166471216538], [-1.50711050638205, 53.3165852008331], [-1.50741001024807, 53.3165207464115], [-1.50772242521161, 53.3164959731019], [-1.50792567558692, 53.316450081864], [-1.50811048505489, 53.3164364649115], [-1.50857951186972, 53.3163745916893], [-1.50873273338431, 53.3163635396495], [-1.50925182821914, 53.3162523559064], [-1.51000212617588, 53.3161395119325], [-1.51027441737825, 53.3160840147368], [-1.5104880908767, 53.3160462490182], [-1.51066264614181, 53.3160092216807], [-1.51076345396704, 53.3159817772369], [-1.51084793663642, 53.3159424942494], [-1.51104248552433, 53.3158669073368], [-1.51119009217281, 53.3158270732818], [-1.51128788780696, 53.3158032106802], [-1.51138434099338, 53.3157667609626], [-1.51146740898981, 53.3157212713185], [-1.51177757433139, 53.3155130709248], [-1.51185765045105, 53.315458581842], [-1.51211619003848, 53.3152951009127], [-1.51221442595215, 53.3152433814262], [-1.51248162728065, 53.3151015916384], [-1.51253452840044, 53.3150748483068], [-1.51256019564708, 53.3150596765878], [-1.51281082408456, 53.31492761263], [-1.51307596511807, 53.3148469186244], [-1.51322987486211, 53.3147747581262], [-1.51326642794526, 53.3147272800782], [-1.51334717642693, 53.3146241779951], [-1.51340196066729, 53.3145623966174], [-1.51349590873029, 53.3144845984497], [-1.51376578872862, 53.3143786719127], [-1.5139955233468, 53.314233130854], [-1.51413275632476, 53.3141797714748], [-1.51454723578038, 53.314025006147], [-1.51505194460401, 53.3138581146755], [-1.51526138994148, 53.3137879736875], [-1.51541129485157, 53.3136752656827], [-1.51550051725964, 53.313610028337], [-1.51566108187263, 53.3134848724568], [-1.51581461605038, 53.3134449659328], [-1.51589611786677, 53.313405757199], [-1.51594277757836, 53.3132630663997], [-1.51595034461614, 53.313250516388], [-1.51595360197431, 53.3132361511763], [-1.51604280233123, 53.3131727101872], [-1.5160148895232, 53.3131239824407], [-1.51602124644554, 53.3130871650968], [-1.51605190411366, 53.3129039708841], [-1.51615518454699, 53.3127991612637], [-1.51613031806187, 53.3126013647799], [-1.51626279272407, 53.3125740429823], [-1.51632145611228, 53.3125625985716], [-1.51660914800294, 53.312466621723], [-1.51662774269868, 53.312419968902], [-1.51674374680099, 53.3123826959453], [-1.51680677301059, 53.3123793561104], [-1.51686563880222, 53.3123499401474], [-1.51697841890551, 53.3123351186137], [-1.51733850159112, 53.3122061840056], [-1.51747095400955, 53.3121806585307], [-1.51761815572123, 53.3121641793764], [-1.51777724972771, 53.3121684158415], [-1.51811923102814, 53.3121850712236], [-1.51834093798123, 53.3122228076972], [-1.51859770604165, 53.3122130580136], [-1.51863778684391, 53.312258240428], [-1.51883730639115, 53.3122662327315], [-1.51894230567602, 53.3122720466899], [-1.51911455319375, 53.3122952051744], [-1.51920108383509, 53.3123476726249], [-1.51932750521537, 53.3124515218651], [-1.51939283569795, 53.3125074994416], [-1.51948251883065, 53.3125438041068], [-1.51957204886077, 53.3124614916861], [-1.51964998687421, 53.3124636016804], [-1.51973398330892, 53.3124774186338], [-1.51980089950057, 53.3125244154061], [-1.51981416845821, 53.3125551113347], [-1.51981704792317, 53.3125632100745], [-1.51980797402288, 53.3125667682321], [-1.51973862224666, 53.3125934487305], [-1.51970957551042, 53.3126454515025], [-1.51982507362828, 53.3126531046047], [-1.51990938931532, 53.3126273830172], [-1.52034098884076, 53.3126866270563], [-1.52049216493193, 53.3127240765112], [-1.52056103340876, 53.3127405279345], [-1.52066787058271, 53.3127148961179], [-1.52094217149148, 53.312742055644], [-1.52105398616622, 53.3128134940174], [-1.52112127014758, 53.3128389248185], [-1.5211451571984, 53.3128498042866], [-1.52119607943859, 53.312855399668], [-1.52145925565332, 53.3128151167355], [-1.52154675175378, 53.3127705366472], [-1.52153549802941, 53.3121718321192], [-1.52161610064966, 53.311802733319], [-1.52162079605077, 53.311781185404], [-1.52163034153601, 53.3117353935681], [-1.5225072814308, 53.3119744265818], [-1.52399933603075, 53.3123632767123], [-1.52418440885294, 53.3124574702432], [-1.52498645251766, 53.3122665572225], [-1.52521646212622, 53.3122368281491], [-1.52533667516604, 53.3122211301915], [-1.52567380480928, 53.3121397958852], [-1.52578981026907, 53.312101615208], [-1.52591999997447, 53.3120005874175], [-1.52609021379027, 53.3118052742753], [-1.5261936434934, 53.3116843702676], [-1.52631609097859, 53.3114664019295], [-1.52635338007553, 53.3112166445212], [-1.52636354660294, 53.3111142418453], [-1.52635982255914, 53.3110369463419], [-1.52634276632418, 53.3109568115113], [-1.52634978998432, 53.3108588898564], [-1.52629846730775, 53.3107553456036], [-1.52618708772002, 53.3106442851597], [-1.52618529691351, 53.3104034479373], [-1.52634682632316, 53.31032132584], [-1.52651500332227, 53.3103094112968], [-1.5265619772066, 53.310269159626], [-1.52657258399652, 53.3102611135493], [-1.52661007610589, 53.3102612619962], [-1.52671812102818, 53.3102598928743], [-1.52677686785371, 53.3102403555481], [-1.52680096195177, 53.3102323637302], [-1.52699613849847, 53.3102295414124], [-1.52706218585792, 53.3102324984045], [-1.52728338322352, 53.3103160462477], [-1.52733003896711, 53.3103045480218], [-1.52739619002252, 53.310286837411], [-1.52743517196487, 53.3102977752879], [-1.52745762304565, 53.3103041543457], [-1.52752345825393, 53.31031519742], [-1.52754857608155, 53.3103602278267], [-1.52752550919453, 53.3104096502953], [-1.52753398148733, 53.3104492225775], [-1.52755476992535, 53.3104717702978], [-1.52759056975913, 53.3104907827257], [-1.52763099804803, 53.3105053208525], [-1.52767288670192, 53.3105108777849], [-1.52771497771741, 53.3105092472006], [-1.52775256916934, 53.3105004087309], [-1.52778578707662, 53.3104843655742], [-1.52782511198457, 53.3104530692503], [-1.52788696157366, 53.3104326447567], [-1.52805755487171, 53.3103361777362], [-1.52809981556153, 53.3103192713099], [-1.52813274870073, 53.3103176035352], [-1.52819725260388, 53.3103259461568], [-1.52824767775968, 53.3103764668257], [-1.52831755508187, 53.3104361419477], [-1.52836155739617, 53.3103958769498], [-1.52836304165774, 53.3103958828046], [-1.5284126220286, 53.3103996729669], [-1.52851334598329, 53.3105123980725], [-1.52856796624078, 53.3105979813713], [-1.52861220623914, 53.3106709439693], [-1.52860246964009, 53.3107347975946], [-1.52859861909903, 53.3108147588879], [-1.52867440755724, 53.3108770629371], [-1.52874331730463, 53.3108899152041], [-1.52878562623421, 53.3108685143528], [-1.52884152155577, 53.3108381818739], [-1.528783476994, 53.3107939208597], [-1.52875809057468, 53.3107731529837], [-1.52878403079793, 53.3107436004434], [-1.5288021506539, 53.3107274966031], [-1.52882628570675, 53.3107159099385], [-1.52885641318636, 53.3107106372067], [-1.52889845051059, 53.3107027147694], [-1.528913388675, 53.3107171520247], [-1.52894446364426, 53.3107496249529], [-1.52898148765798, 53.3108036871089], [-1.52906680406682, 53.3108210972941], [-1.52913119423613, 53.3108285400859], [-1.52912890605397, 53.310766525803], [-1.52916655671781, 53.31075229657], [-1.52921613757614, 53.3107560863994], [-1.52928335942024, 53.3107761209081], [-1.52929820884811, 53.3107986440418], [-1.52928958312068, 53.3108965595541], [-1.52933747628835, 53.3109075318878], [-1.52936142213601, 53.310913017595], [-1.5294107912526, 53.3109248936845], [-1.52947090960894, 53.3109269280297], [-1.52946928635758, 53.3107930270757], [-1.52946947397543, 53.3107759545892], [-1.52952527145596, 53.3107546074551], [-1.52957794924984, 53.3107467266461], [-1.52963744086379, 53.3107945875649], [-1.52970002947414, 53.3108307788606], [-1.52974164312463, 53.3107374856399], [-1.52980307986245, 53.3106082371711], [-1.52980167303807, 53.3106010424393], [-1.52971806340656, 53.3105521878677], [-1.52976186563166, 53.3105298954666], [-1.52989762083205, 53.3104729174922], [-1.529950273792, 53.3104560503713], [-1.52998188671536, 53.3104507831951], [-1.53003003600514, 53.3104383918096], [-1.53006892529796, 53.3104466318361], [-1.53010329127309, 53.3104611452973], [-1.53013161861381, 53.3104846201696], [-1.53014922509781, 53.3105152430054], [-1.53014887012637, 53.3105475912103], [-1.53012434258127, 53.3105951216979], [-1.53008633584332, 53.3106417003317], [-1.5301190697993, 53.3106696859987], [-1.53017017797623, 53.3106582050593], [-1.53021382383329, 53.3106502893782], [-1.53028299834928, 53.3106388784734], [-1.53038551798136, 53.3105997423745], [-1.5304241315575, 53.3106331425004], [-1.53044792957575, 53.3106521069331], [-1.53059551014171, 53.3106113507525], [-1.53062437477663, 53.3105746200947], [-1.53080763807811, 53.3105636575963], [-1.53082483405895, 53.3104963292511], [-1.53083111380412, 53.3104765840434], [-1.53088672658378, 53.3104606269983], [-1.53097559881667, 53.3104358143474], [-1.53102823161793, 53.3104207444215], [-1.53104761636418, 53.3104360968255], [-1.53106849373159, 53.3104505562055], [-1.53106720453626, 53.310568270467], [-1.5310436603482, 53.3106616341204], [-1.53111261966597, 53.3106699926377], [-1.53121491084347, 53.310651522755], [-1.531281524668, 53.3105915763854], [-1.53129724901784, 53.3105341262298], [-1.53141058469631, 53.3104563908267], [-1.53146500318961, 53.3104251524576], [-1.53151914956235, 53.3104073925214], [-1.5315404719613, 53.310381326002], [-1.53153412908617, 53.3102824537049], [-1.53157629328843, 53.3102628490468], [-1.53159444798573, 53.3102548320946], [-1.53159623696956, 53.3102269820786], [-1.53159788833262, 53.3102117121731], [-1.53164463126532, 53.3101921254276], [-1.5316611574387, 53.3101858998355], [-1.53166765296818, 53.3101463864782], [-1.53164075690674, 53.3101390919275], [-1.53151046218988, 53.3101044341307], [-1.53146269718034, 53.3100817813945], [-1.53144348715091, 53.3100618472786], [-1.5314333926664, 53.3100231668955], [-1.53145778076347, 53.3099882162406], [-1.53148043876559, 53.3099757243765], [-1.53154360927375, 53.3099588986635], [-1.53182824516881, 53.3100130318264], [-1.53190634786084, 53.3099998580888], [-1.53192147807593, 53.3099855398202], [-1.53201402583485, 53.309896039785], [-1.5319455798437, 53.3098409566934], [-1.53196281822348, 53.3097808166461], [-1.53197821451715, 53.3097421461989], [-1.53193822283344, 53.3096988562518], [-1.53192795117337, 53.3096763504659], [-1.53193568968515, 53.3096476248582], [-1.53194806588573, 53.3096135259537], [-1.53196617112271, 53.3096100022258], [-1.53204441573134, 53.309595032103], [-1.53203604073126, 53.3095347917966], [-1.53203488056751, 53.3095051333781], [-1.53202314281803, 53.3094808241122], [-1.53197074054241, 53.3094635457761], [-1.53189309171313, 53.3094352948915], [-1.53189376952262, 53.3093732931638], [-1.53189452591888, 53.3093041025426], [-1.53181369501894, 53.3092840162112], [-1.53175851132511, 53.309249652763], [-1.53177991062059, 53.3092164871849], [-1.53187778780158, 53.3091827230725], [-1.53195919803137, 53.3091497932967], [-1.53196401658327, 53.3091164728922], [-1.53197323605644, 53.3090994357526], [-1.53195999458658, 53.3090769183421], [-1.5319362345587, 53.3090543597541], [-1.5318898383259, 53.309042496343], [-1.53180881142562, 53.3090403813425], [-1.5318090766981, 53.3090161199519], [-1.531815397558, 53.3088454079212], [-1.5318420428105, 53.3087510674709], [-1.53189743686183, 53.3087548780523], [-1.53198854959783, 53.3087965712805], [-1.53205623642071, 53.3087851544247], [-1.53207625754764, 53.3087420993699], [-1.5321926536114, 53.3086553882354], [-1.53236079000011, 53.3086578437024], [-1.53235218901372, 53.308618271255], [-1.53226573347679, 53.3085694073248], [-1.5322567596126, 53.3085639807685], [-1.53225834346348, 53.308555000913], [-1.53226927264437, 53.3085173017117], [-1.53235056452537, 53.3084950642225], [-1.53240619909006, 53.3084880926068], [-1.53244672974592, 53.3084819607787], [-1.53247077274496, 53.3084784601935], [-1.53251290082307, 53.308473233464], [-1.53253609722398, 53.3084113197721], [-1.53258125842243, 53.30838903075], [-1.5326157315013, 53.3083936580861], [-1.53265019326737, 53.3083991851416], [-1.53271430295173, 53.3084434679902], [-1.53277829651684, 53.3084868514751], [-1.53285374684044, 53.3084556946536], [-1.53284661983213, 53.3084170259792], [-1.53284375927834, 53.3084071298768], [-1.53276920664233, 53.3083672997654], [-1.53284473956414, 53.308317272295], [-1.53289763373638, 53.3082779401388], [-1.53292645123882, 53.3082564851128], [-1.53294665842236, 53.3081962675262], [-1.5329817683785, 53.3081424874607], [-1.53297918354963, 53.308095749357], [-1.53302608030656, 53.3080617851692], [-1.53309524008004, 53.3080512714564], [-1.53317652966725, 53.3080291232856], [-1.53321416828057, 53.3080157907059], [-1.53324891535807, 53.3079952585247], [-1.53324786062243, 53.3079557156005], [-1.53324980663374, 53.3079134877657], [-1.5331665084343, 53.3078474736902], [-1.53312818911772, 53.3077871165331], [-1.53311981292209, 53.3077268762887], [-1.53317689284913, 53.307723504561], [-1.53333132486676, 53.307733992342], [-1.53340719718739, 53.3076525142097], [-1.53339553897871, 53.3076210170827], [-1.53339269642722, 53.3076093242118], [-1.5333584784863, 53.3075813336391], [-1.5332805275703, 53.3075810293849], [-1.53318693285117, 53.3076309866146], [-1.53314307660762, 53.3076586724118], [-1.53308624170502, 53.3076395795001], [-1.5331177993135, 53.3075030234111], [-1.5331224688314, 53.3074832717902], [-1.53312206081482, 53.3073844218218], [-1.53317491438937, 53.3073486839836], [-1.5332999424168, 53.3073096323656], [-1.53337549489188, 53.3072577187955], [-1.53340946884259, 53.307171583658], [-1.53334344110477, 53.307178514274], [-1.53324422540981, 53.3071880119233], [-1.53329058523178, 53.3070668798329], [-1.53317386046876, 53.3070367693643], [-1.53311881571784, 53.3069898264184], [-1.5331598303438, 53.3069504477549], [-1.53322275915665, 53.3069551860235], [-1.53324378397363, 53.3069561669778], [-1.53327237739051, 53.3069436080568], [-1.53326402926993, 53.306892353977], [-1.53326095601745, 53.3068905451289], [-1.53319244314496, 53.3068417518892], [-1.5331264565604, 53.3068450888423], [-1.53297309055573, 53.306873245786], [-1.53297962639164, 53.3068184552208], [-1.53299807864614, 53.3066468916032], [-1.53303278932786, 53.3066181813765], [-1.53305713213539, 53.3065985074893], [-1.53311437011089, 53.3065690762281], [-1.53320784504254, 53.3065299023903], [-1.53329798772317, 53.3065239639613], [-1.53333864923576, 53.3065169334707], [-1.53337345228398, 53.3064910091196], [-1.5333152760386, 53.3064476486382], [-1.53317133421377, 53.3064398975036], [-1.53317214722194, 53.3063653156208], [-1.5332220312567, 53.3063295652667], [-1.53322982373896, 53.3063070411156], [-1.53323287183541, 53.3062998638125], [-1.53321939549596, 53.3062989123253], [-1.53311736881348, 53.3062940213822], [-1.53311515340006, 53.3062248191246], [-1.53315005580068, 53.3061899091714], [-1.53318485039835, 53.3061648837166], [-1.533306291045, 53.3061707492597], [-1.53361155994322, 53.3061234155766], [-1.53366446048257, 53.3060831833286], [-1.53375556185444, 53.3059890947185], [-1.53384120319223, 53.3059759491261], [-1.5338553327149, 53.3060533748867], [-1.53394392173903, 53.3060537202431], [-1.53404672173992, 53.3058509436915], [-1.53412373131011, 53.3058009211653], [-1.53425158683249, 53.3057744602312], [-1.53436108476948, 53.3057748867283], [-1.53440170630812, 53.305771451222], [-1.53450884004187, 53.3055794740544], [-1.53458005719007, 53.305515949152], [-1.5347377651686, 53.3054976919819], [-1.5348681363462, 53.3055242594352], [-1.53487358626141, 53.3055692118086], [-1.53480264275146, 53.3056075757289], [-1.53491985410271, 53.3057294356193], [-1.53498606099908, 53.3057171125125], [-1.53497646138166, 53.3056325152993], [-1.53498437043878, 53.3055992966758], [-1.53507920865347, 53.3055709096269], [-1.53511836764081, 53.3055539886768], [-1.53511731273206, 53.3055144448581], [-1.535005854368, 53.3054097724328], [-1.53492725595952, 53.3053213122109], [-1.53495459462914, 53.3052989529773], [-1.53504197351283, 53.3052624497605], [-1.535156233857, 53.3052458199677], [-1.53531468986076, 53.3053066435494], [-1.53542349462598, 53.305370867682], [-1.53560908582392, 53.3052799304736], [-1.53562179883658, 53.3052143808515], [-1.53578914131929, 53.3051404448089], [-1.53587635008179, 53.3051308984838], [-1.53600352314651, 53.3051556554788], [-1.53609965686672, 53.3051560285598], [-1.53611924744766, 53.305140828196], [-1.5361046167423, 53.3051093197838], [-1.53612587433257, 53.3050887335357], [-1.53618147469596, 53.3050844566873], [-1.53627616600573, 53.3050694577598], [-1.53632151290622, 53.3050408777368], [-1.53636713553099, 53.3049754556723], [-1.53641697300977, 53.3049549802075], [-1.53646471553398, 53.3049794277711], [-1.536463849946, 53.3050594018284], [-1.53650874937176, 53.305072156569], [-1.53659150594724, 53.305050910679], [-1.5366842541341, 53.3050783182163], [-1.53679076130701, 53.305080528693], [-1.53684368773331, 53.3050375095459], [-1.53684447485712, 53.3049647252843], [-1.53676743251083, 53.3048808547652], [-1.53674577986533, 53.3048007943457], [-1.5367688622067, 53.3047486735244], [-1.53691891179465, 53.3047402687947], [-1.53697879746987, 53.3047630562264], [-1.53708827352347, 53.3047652770381], [-1.53713243751955, 53.3047087451985], [-1.53713689122125, 53.3047087624422], [-1.53714140318818, 53.3047033884583], [-1.5371533465086, 53.3047088261521], [-1.53729833615197, 53.3047678880018], [-1.53736261195021, 53.3047852099925], [-1.53745848282291, 53.3048098442983], [-1.53757608853222, 53.3047580890015], [-1.53760318748975, 53.3047465120381], [-1.53762267727261, 53.3047519788732], [-1.53772139234357, 53.3047767138557], [-1.53822905724492, 53.3047417419659], [-1.53827710088293, 53.3047383329284], [-1.53832609484956, 53.3047844420774], [-1.53837070398393, 53.3048241531598], [-1.53838287025295, 53.3048089237558], [-1.53845888371054, 53.3047129755836], [-1.53848744427675, 53.3047148826948], [-1.53862686812703, 53.3047280015071], [-1.53872708962736, 53.3047508538328], [-1.5388949475452, 53.3047776514576], [-1.53900689043359, 53.3048266080448], [-1.53908824826358, 53.3047972678502], [-1.53909298125543, 53.3047829076916], [-1.53912092055797, 53.3046930640737], [-1.53923523902712, 53.3045326519269], [-1.53932213910214, 53.3045401760268], [-1.53942329271096, 53.3046259346412], [-1.53948276612587, 53.3046755875028], [-1.53950022237925, 53.3047205859157], [-1.53959463214227, 53.3047317324458], [-1.53959934413141, 53.3047191699364], [-1.53961321766488, 53.3046832791466], [-1.53960824435578, 53.3045933976514], [-1.53971497261163, 53.304574937635], [-1.53977209614776, 53.3045670703762], [-1.53980784826595, 53.3045905715669], [-1.5398566902182, 53.3046509671217], [-1.54004462091899, 53.3046175429456], [-1.54022014611287, 53.3046218127315], [-1.54034282644137, 53.3046501415249], [-1.54037246759227, 53.3046897943068], [-1.54040229050662, 53.3047123745465], [-1.5404246827644, 53.3047241433084], [-1.54044981327807, 53.3047574884028], [-1.54056047378697, 53.3047876584042], [-1.54061742397159, 53.3047959644326], [-1.54061619651568, 53.3047725943574], [-1.54061618996727, 53.3047725053435], [-1.54061241245125, 53.3047095875501], [-1.5406441169637, 53.3046836500869], [-1.54072812505506, 53.3046839728467], [-1.54093523717952, 53.3046847683204], [-1.54094559096435, 53.3047000844596], [-1.54092942443611, 53.3048115404184], [-1.54096045399463, 53.3048601853368], [-1.54092801817405, 53.3049427339221], [-1.54110704250541, 53.3048975911937], [-1.54117484594204, 53.304874487876], [-1.54124783604525, 53.3047831087949], [-1.54130414866108, 53.3047122436275], [-1.54141693121548, 53.3046830224127], [-1.54165573716274, 53.3046704586743], [-1.54168801111629, 53.3047415737591], [-1.5417146555409, 53.3047722286635], [-1.54175916109237, 53.3048219128951], [-1.54180869973635, 53.3048176092906], [-1.54184621601633, 53.304815057343], [-1.54196478211071, 53.3048119179601], [-1.54197676263981, 53.3048254424915], [-1.54203892068584, 53.304902063419], [-1.54215713159612, 53.3049321700734], [-1.54218611183627, 53.3050338251668], [-1.5421841670128, 53.3050652693556], [-1.54219742908053, 53.3050977605398], [-1.54222119236499, 53.3051203171175], [-1.54224505022554, 53.3051338871004], [-1.54228836203571, 53.3051448367335], [-1.54234385775736, 53.3051504406417], [-1.54239652633589, 53.3051425550724], [-1.54240555838509, 53.3051425896437], [-1.54250153071723, 53.3051465515481], [-1.54252404856826, 53.3051466377168], [-1.54252081038053, 53.3051601039559], [-1.542503414212, 53.3052481019649], [-1.54260357163269, 53.3052889228891], [-1.54265142362324, 53.3053034843611], [-1.54279057250659, 53.3053426565338], [-1.54288630554951, 53.3053690827944], [-1.54292720431054, 53.3053279026037], [-1.54302381790744, 53.3052833416739], [-1.54316454850869, 53.3053135334034], [-1.54335905988177, 53.3053592076771], [-1.54328179103674, 53.3054344863258], [-1.54331868645323, 53.3054903413341], [-1.54338748513904, 53.3055130697004], [-1.54345959993942, 53.3055034601823], [-1.54350641703534, 53.3054757819229], [-1.54361294474301, 53.3054761886349], [-1.54361439053379, 53.3054797887549], [-1.54365565411576, 53.3055554301879], [-1.54375936549629, 53.3055414476159], [-1.54381797368871, 53.3055335840859], [-1.54382840378222, 53.3055417110614], [-1.54390423546195, 53.3056013090481], [-1.54404260073025, 53.3055748786757], [-1.54408558690944, 53.3056280609479], [-1.54408366277556, 53.3056693901691], [-1.5440829252407, 53.3057386708335], [-1.54410186280898, 53.3057845721851], [-1.54418743243488, 53.3057893919364], [-1.54419631288317, 53.3057921215196], [-1.54422935693952, 53.3057913486225], [-1.5442524584376, 53.3057366215032], [-1.5442710783502, 53.3056844822349], [-1.54435376686932, 53.3056695210307], [-1.54446765046821, 53.3056879280166], [-1.54449606024066, 53.305692528839], [-1.54460190913474, 53.3057568241055], [-1.54463281934672, 53.3058171493792], [-1.54481995879883, 53.3058582997089], [-1.54500303619397, 53.3058625912038], [-1.54502542033909, 53.305863574367], [-1.54502988415931, 53.3058743751557], [-1.54505610213176, 53.3059454653634], [-1.54514332004605, 53.3059350143233], [-1.54516669407648, 53.3059944119088], [-1.54527309906845, 53.3060064984469], [-1.5453907977745, 53.3060852155808], [-1.54552746980597, 53.306078546002], [-1.5455088140563, 53.3061341900382], [-1.5456467701459, 53.3061463961809], [-1.54577960466418, 53.3062098041853], [-1.545831818015, 53.3062450487744], [-1.54589377540825, 53.3063414358566], [-1.5460004672452, 53.3063265646815], [-1.54608463024709, 53.3063241885284], [-1.54616251241192, 53.3063307745245], [-1.54630684601904, 53.3063133502345], [-1.54631568863341, 53.3063196741159], [-1.54641700078297, 53.3063920377209], [-1.54636683407454, 53.3064556486102], [-1.54645338722236, 53.3064964155663], [-1.54655401604756, 53.306493202671], [-1.54656898791183, 53.306493259455], [-1.54666660891001, 53.306493629657], [-1.54667392793431, 53.3065035423343], [-1.54670354770115, 53.3065458891682], [-1.54683978267522, 53.3065688712027], [-1.5468584948159, 53.3066480206271], [-1.54696050504019, 53.3066546975492], [-1.54699939421549, 53.3066629320834], [-1.54718847034322, 53.306661851499], [-1.54743766311572, 53.306803068927], [-1.54744676199171, 53.3067968130444], [-1.54749365539936, 53.3067619443166], [-1.54761847781226, 53.306729168216], [-1.54766631415024, 53.3067455244608], [-1.54775014577368, 53.3067745966031], [-1.54785526852631, 53.3067678059081], [-1.5479426963877, 53.3067259010931], [-1.54795624909131, 53.3067196620121], [-1.54797571264174, 53.3067278236764], [-1.5481236095324, 53.3067948797078], [-1.54824709503445, 53.3068888032633], [-1.54844596066313, 53.3069569503449], [-1.54884812142774, 53.3069665566615], [-1.54907599561487, 53.3069826927071], [-1.54910904051047, 53.3069819184607], [-1.54917077086522, 53.3069596856785], [-1.54925224879093, 53.306918656344], [-1.54969810083996, 53.3066210075984], [-1.54991265427505, 53.3064798337595], [-1.55006981975164, 53.3063833747267], [-1.55028253695204, 53.3062753527951], [-1.5503956402195, 53.3062272524325], [-1.5504761610163, 53.3062652971589], [-1.55053304910243, 53.3062798885387], [-1.55059146849449, 53.3062899930718], [-1.55070116654612, 53.3062832170677], [-1.5512548144162, 53.3061469092491], [-1.55125630003666, 53.3061469148252], [-1.55129088635744, 53.30614075431], [-1.55179636513641, 53.3060194496172], [-1.5519326866201, 53.3060460207327], [-1.55212052952065, 53.3060206643493], [-1.55225875018849, 53.3060077025074], [-1.55250806638934, 53.3059843734498], [-1.55270201023114, 53.3059554443849], [-1.55327363062553, 53.3059692641434], [-1.55328416572567, 53.3059675057554], [-1.55333848639691, 53.3059317644939], [-1.55353844083559, 53.3058956673235], [-1.55375116435427, 53.3059404937231], [-1.55380010243263, 53.3059936946851], [-1.55396152946228, 53.3060572002414], [-1.55421039608146, 53.3060769993469], [-1.55479105145755, 53.3060909354043], [-1.55512416253511, 53.3059456101844], [-1.55553542036185, 53.3059363567558], [-1.55685196111091, 53.3054666834848], [-1.55757533246597, 53.3054504014291], [-1.55779507218741, 53.3053910067826], [-1.55845761275355, 53.3053224648267], [-1.5583773713435, 53.3053886654336], [-1.55793384796323, 53.3057555497864], [-1.55803719355529, 53.3057766005514], [-1.55923517772555, 53.3060273331647], [-1.56156655407361, 53.306388252454], [-1.56172989361096, 53.3064113168299], [-1.56173133176859, 53.3064158146756], [-1.56182692570391, 53.3066022688792], [-1.56177635865168, 53.3067072222061], [-1.56154335416518, 53.3068897752574], [-1.56114701383997, 53.3072056230075], [-1.56087000766742, 53.3074311475105], [-1.56016601589838, 53.307882451063], [-1.55968813969014, 53.3082438239788], [-1.55957921965374, 53.3084753557492], [-1.55951383185301, 53.3091420686691], [-1.55951033214486, 53.3091815945482], [-1.55949363475367, 53.3092048974685], [-1.5591234489355, 53.3097410849514], [-1.55879691275669, 53.3099673208288], [-1.55858977310197, 53.3099665563498], [-1.55807942548303, 53.3104131707614], [-1.55753910779704, 53.3108489790957], [-1.55718678433623, 53.3111019833992], [-1.55709980268465, 53.3111007623845], [-1.55690470457747, 53.3112394153907], [-1.55670238629102, 53.3113581815926], [-1.55655287725181, 53.3114439838483], [-1.55610759622869, 53.3115429768198], [-1.55597103291613, 53.3115496589854], [-1.55586478628893, 53.3115088267668], [-1.55575188364951, 53.3115488450082], [-1.55590507858228, 53.3116806118946], [-1.55596909469463, 53.3117365636273], [-1.55656883138513, 53.31222152573], [-1.55705863631461, 53.3126161263935], [-1.55782376819639, 53.3132292986435], [-1.55782670909081, 53.3132320052397], [-1.55790170187198, 53.3132322825129], [-1.55848960957804, 53.3137162929835], [-1.55937623588826, 53.3136152336241], [-1.55955176156134, 53.3136230694304], [-1.56017534777689, 53.3136964447679], [-1.56064107457191, 53.3148261895623], [-1.56082700978895, 53.315291636632], [-1.5609118988728, 53.3154977309298], [-1.56092528659384, 53.3155076649894], [-1.56136488528553, 53.3158211879588], [-1.56151435641852, 53.3158847291026], [-1.56173104513262, 53.3159708920495], [-1.56182418354531, 53.3159640441521], [-1.56192649420702, 53.315943750284], [-1.5621599732971, 53.3158646289931], [-1.56225981019698, 53.3157957111456], [-1.56250225581862, 53.3155656536186], [-1.56281377531589, 53.3151882963515], [-1.56310541055947, 53.3147094116361], [-1.56325270508023, 53.3143917495301], [-1.5633656942584, 53.3142096531546], [-1.56375100544112, 53.3138029979843], [-1.56409046767389, 53.3136325106438], [-1.56430262357715, 53.3135919473122], [-1.56573258085579, 53.3136303969532], [-1.56608887413744, 53.3135687880164], [-1.56622717986584, 53.3136960838661], [-1.56664501500862, 53.3140831944558], [-1.56691129517314, 53.3143196861925], [-1.56749973989224, 53.3147622273728], [-1.57049369081374, 53.3143658557602], [-1.57108336667824, 53.3140839195151], [-1.57171736964449, 53.3138731302748], [-1.57270049445124, 53.3135737244616], [-1.57321938737834, 53.3134749324754], [-1.57324032911592, 53.3134723105938], [-1.57329743005655, 53.3134671229176], [-1.57370014087104, 53.3134281216116], [-1.57390617153387, 53.3133803302586], [-1.57382041098063, 53.3132559262898], [-1.57347307902724, 53.3130155662339], [-1.57315734304506, 53.3127718132321], [-1.57700804146731, 53.3122281748778], [-1.57873951685355, 53.3119798886825], [-1.58053389587991, 53.3117380883258], [-1.58061022958941, 53.3117653141427], [-1.58070278391087, 53.3118168600576], [-1.58077417724448, 53.3118810022318], [-1.58084667047314, 53.3119845970476], [-1.58097421247571, 53.3122924602897], [-1.58109025516859, 53.3127135086961], [-1.58111296833151, 53.3128457746717], [-1.58111540231515, 53.312900598249], [-1.58109011893246, 53.3131827646787], [-1.58111001851275, 53.3137545335097], [-1.58111158879561, 53.3140619560987], [-1.58123975639896, 53.314306828156], [-1.58139346902762, 53.3145464879339], [-1.58155390581408, 53.3147187744801], [-1.58167124986253, 53.3148431934364], [-1.58193787227784, 53.3150535935945], [-1.58273726366848, 53.3155830634099], [-1.58300458734422, 53.3157224724702], [-1.58189512570106, 53.3162120284265], [-1.58128808153317, 53.3164265606471], [-1.58062954471813, 53.3165275938052], [-1.57968441554106, 53.3166366923217], [-1.57892430901633, 53.3166951246412], [-1.57907354515813, 53.3167855111489], [-1.5794535826597, 53.3169028593017], [-1.5796023794464, 53.3170381746423], [-1.57993614620059, 53.317292846539], [-1.58042004452002, 53.3176990126022], [-1.5805984708068, 53.3178677689202], [-1.5813715047614, 53.3186407703789], [-1.58179871808267, 53.3190116852888], [-1.58186777990808, 53.3190119267688], [-1.58199184851757, 53.3190572915008], [-1.58287711884473, 53.3198756952678], [-1.58386799245798, 53.3207843218389], [-1.58428186259753, 53.3211443984117], [-1.58456805930448, 53.3213584542452], [-1.58490201019108, 53.3215879514643], [-1.58502815177162, 53.3215865923733], [-1.58503109646277, 53.3215892983068], [-1.58598305727245, 53.321577231393], [-1.58621426361156, 53.3215780315591], [-1.58633887553091, 53.321568577743], [-1.58658268705305, 53.3215074166297], [-1.58672117309058, 53.3214710514156], [-1.58690191291269, 53.321404280249], [-1.58714689359045, 53.3212217186174], [-1.58728675576913, 53.3210424782481], [-1.58729424899001, 53.3208815629269], [-1.58728880993735, 53.3208294239804], [-1.58717185780982, 53.3206609798637], [-1.58671894669082, 53.3203042830761], [-1.58665808416208, 53.3202366762328], [-1.58662749482737, 53.3201359256283], [-1.58667218119388, 53.3200201588663], [-1.58677358413924, 53.3199269636823], [-1.58692925297045, 53.319815174822], [-1.58714333749693, 53.3197296466218], [-1.58792686822365, 53.3194150479821], [-1.58879202085248, 53.3190548059737], [-1.58951240472341, 53.3187660398551], [-1.58981985579469, 53.3186358971399], [-1.59031703860166, 53.3182861521838], [-1.59037843723814, 53.3182980451289], [-1.59122856028885, 53.3176277111124], [-1.59249295123277, 53.3166262060123], [-1.5931283141064, 53.3161087906438], [-1.59356232825108, 53.3157713988081], [-1.59466334493487, 53.3148906290681], [-1.59587179468987, 53.313924842651], [-1.59745654545067, 53.3126798547394], [-1.59813550238673, 53.3121329035845], [-1.59883258764027, 53.3115779239798], [-1.59885886574156, 53.3115070209652], [-1.59893451925996, 53.3114362835284], [-1.59900458569526, 53.3113277863489], [-1.59909327897252, 53.3113181987842], [-1.59924192265809, 53.3113025217403], [-1.59916479791709, 53.3115305112934], [-1.59909917201094, 53.3117990676958], [-1.59892254769395, 53.3127144337084], [-1.59887593999672, 53.3130396655894], [-1.59886877114739, 53.3131709299342], [-1.5988667760588, 53.3133838948466], [-1.59888875327179, 53.3136006246273], [-1.5989421441329, 53.3138327360708], [-1.59919743278061, 53.3146146676721], [-1.60067350655687, 53.3156731413679], [-1.60068132952625, 53.3162807203472], [-1.60060598133583, 53.3169681784512], [-1.60065926240774, 53.3170411443345], [-1.60124041436641, 53.3178295514671], [-1.60152504315608, 53.318205401625], [-1.60156824876125, 53.3182441862756], [-1.6016159597724, 53.3182775935847], [-1.60175492914603, 53.3183463517999], [-1.60209593289992, 53.3184768866038], [-1.60234998129383, 53.3186018307163], [-1.60273169242631, 53.3187208173191], [-1.60296514600252, 53.3187979750994], [-1.6030071022647, 53.3188115938608], [-1.60315516846546, 53.318860699854], [-1.60365805650561, 53.3190196251281], [-1.60371042319067, 53.3190449598868], [-1.60388817604877, 53.3191363986519], [-1.60403727406609, 53.3192483210708], [-1.60442149873057, 53.3195785752899], [-1.604905589231, 53.3198309788355], [-1.60516083261574, 53.3199890794898], [-1.60523514835357, 53.3200639096453], [-1.60529747438557, 53.3201504727161], [-1.60535826684857, 53.3202288527542], [-1.60545776535952, 53.3203379131292], [-1.60573633041752, 53.3205851425852], [-1.60596610104432, 53.3207279711195], [-1.60654432844042, 53.3210292029705], [-1.60701332363958, 53.3212841551594], [-1.60730782757691, 53.3214280918267], [-1.60796661885315, 53.3217736144623], [-1.60812773345779, 53.3218864692185], [-1.60841941111283, 53.3221642881579], [-1.60863542161798, 53.3223519967095], [-1.60878456632988, 53.3224612177273], [-1.60891464142921, 53.3225173571063], [-1.60910971996411, 53.3225305755506], [-1.6091457139089, 53.3225333889196], [-1.6092015844932, 53.3226639601595], [-1.60936420798166, 53.322612372182], [-1.60952994065472, 53.3225454279065], [-1.60969251264481, 53.3224992298453], [-1.60985523146644, 53.3224233791314], [-1.61036053768485, 53.3221742231706], [-1.61080672063568, 53.3219742962421], [-1.61120757419842, 53.3218039639533], [-1.61185710802452, 53.3215229207868], [-1.61235420536297, 53.3213303414789], [-1.6131138974449, 53.3209930355231], [-1.61392683273965, 53.3205696280379], [-1.61404292043792, 53.3205160855958], [-1.61417096535809, 53.3204679739552], [-1.61433825099996, 53.3204055204493], [-1.61460773943809, 53.320319223573], [-1.61541042667766, 53.3200278694089], [-1.61693123612254, 53.3193478241744], [-1.61789124930717, 53.3189122802957], [-1.61921741546802, 53.3183439121315], [-1.61943428235884, 53.3182574359541], [-1.6204790934672, 53.3179119131552], [-1.62057237819317, 53.3178879467546], [-1.62087321473369, 53.3178224030626], [-1.62114105405115, 53.3177513626231], [-1.62131547353751, 53.3177195645838], [-1.62144930648696, 53.3176867398407], [-1.62156223960122, 53.3176520510593], [-1.62178367725023, 53.3175654960537], [-1.6219404084465, 53.3174905077492], [-1.6226889533309, 53.3172079204768], [-1.62319166736695, 53.3170549431206], [-1.62401646718368, 53.3167968507278], [-1.62414885010069, 53.3167595250377], [-1.62440775791515, 53.316689348275], [-1.62505758895613, 53.3165250538887], [-1.6254937445137, 53.3164239779081], [-1.62648651917016, 53.3163605347192], [-1.62662366140192, 53.3163493675183], [-1.62681250054404, 53.3163311705145], [-1.62700479730011, 53.3163123547847], [-1.62713792099832, 53.3162972194212], [-1.62725375968087, 53.3162847266523], [-1.62738105514112, 53.3162666065736], [-1.62745964320105, 53.3162569638136], [-1.62752005981292, 53.3162483430536], [-1.62755101391534, 53.316244574308], [-1.62759442860749, 53.3162405746947], [-1.62765943415189, 53.3162393389042], [-1.62771977879618, 53.3162389874416], [-1.62778761199948, 53.3162405468867], [-1.62789111105748, 53.316248868924], [-1.62795633245134, 53.3162573414616], [-1.62797582585547, 53.3162596492821], [-1.62803052313807, 53.3162700665596], [-1.62807709164806, 53.3162831551491], [-1.62812064882607, 53.3162973130032], [-1.62813980224379, 53.3163042039874], [-1.6281495290546, 53.316307649945], [-1.62815940206346, 53.3163115457925], [-1.62818467679616, 53.3163222310644], [-1.62819483908317, 53.3163273862291], [-1.62821082950459, 53.3163355257893], [-1.62822920982101, 53.3163450210848], [-1.62825369507006, 53.3163601982483], [-1.62826025419777, 53.3163654320946], [-1.62826652171188, 53.3163696762748], [-1.62827741422933, 53.3163771707698], [-1.62828829333458, 53.3163881123964], [-1.62830672873989, 53.3164066549986], [-1.62833137770353, 53.3164375629162], [-1.62834071931194, 53.3164508053667], [-1.62835623327615, 53.3164792579355], [-1.62842098458619, 53.316576537319], [-1.62843417381259, 53.3166134320515], [-1.62845126490347, 53.316650428792], [-1.6287437510475, 53.3170920779189], [-1.62890603051209, 53.3172462451958], [-1.62909800205829, 53.3174446265286], [-1.62924541864898, 53.3175717881817], [-1.63037377329789, 53.3184903439523], [-1.63109810356273, 53.3191029220788], [-1.63184292419954, 53.3197676783536], [-1.63217690059464, 53.3202092078164], [-1.63234988620746, 53.3203445323466], [-1.63244322730306, 53.3204868909471], [-1.63272698677736, 53.320839212062], [-1.63229475968929, 53.321171360969], [-1.63154660859285, 53.3217524404102], [-1.63127452081718, 53.3219708651306], [-1.63075427900197, 53.32241605172], [-1.62921901708873, 53.323562699833], [-1.62683877384067, 53.3253692429058], [-1.6272215413137, 53.3255520473309], [-1.6279186167653, 53.3258481568991], [-1.62767258262727, 53.3268657935749], [-1.62754242662011, 53.3274972961276], [-1.62726759612367, 53.3285355106921], [-1.627264524537, 53.328547182888], [-1.62642981782579, 53.3292214167602], [-1.62608804178643, 53.3293309684008], [-1.62608655685018, 53.3293309637571], [-1.62564624070466, 53.3295389634417], [-1.62538531058796, 53.3296757242915], [-1.62516957701687, 53.3297972600092], [-1.62459424627558, 53.3301675727119], [-1.62357509878537, 53.3304645960289], [-1.62352327333041, 53.331063989896], [-1.62370398693428, 53.3311670906302], [-1.62230301567941, 53.3315177167516], [-1.62216556915951, 53.3316044489791], [-1.62211867091457, 53.3316438395301], [-1.62208532094098, 53.3316769825672], [-1.62202753374478, 53.3317577659608], [-1.62190379845021, 53.3320017982992], [-1.62187291987498, 53.3320916518458], [-1.62185855016458, 53.332190454649], [-1.62188024843214, 53.3322848780497], [-1.62191271743572, 53.3323514785092], [-1.62198677319275, 53.3324614336897], [-1.62209842691005, 53.332744041974], [-1.62218575475948, 53.3330616194591], [-1.62218963357217, 53.3331272306143], [-1.62219079323275, 53.3331640773106], [-1.62220142988494, 53.3333195720097], [-1.62218358159191, 53.3334759645575], [-1.62217208854347, 53.333585559353], [-1.62211274095133, 53.3336744240882], [-1.62139111165154, 53.3341143508928], [-1.62098559685835, 53.3344528321282], [-1.62089506476035, 53.3344974761889], [-1.62072767481692, 53.3345806061548], [-1.62022417991607, 53.3349646047935], [-1.61982267788149, 53.3351978673062], [-1.61975927363156, 53.3352408889], [-1.61951175423287, 53.3353811841176], [-1.61874880062527, 53.3355612627374], [-1.61836779188459, 53.3356750706171], [-1.61782990137024, 53.3358720359126], [-1.61735200296511, 53.3360753921512], [-1.61721771451241, 53.3361523328342], [-1.61695971402251, 53.3362862989371], [-1.61679811564617, 53.3363846293347], [-1.61656528356515, 53.3365699865208], [-1.61599040389529, 53.3375335241716], [-1.61594482541723, 53.3375899906088], [-1.61584627125054, 53.337699305072], [-1.61573559983646, 53.3378203530534], [-1.61565986855015, 53.3378839107641], [-1.61550417473131, 53.3379993315808], [-1.61501499490207, 53.3382827093197], [-1.61459470149485, 53.3386022512421], [-1.61437181966503, 53.3388352620947], [-1.61413295992516, 53.3391643734056], [-1.61376958200221, 53.3398301531315], [-1.61342789861597, 53.340245287351], [-1.61277823598643, 53.3410026950785], [-1.61214035494544, 53.3416190548943], [-1.61211317258788, 53.3422949055], [-1.61216918733059, 53.3425773421944], [-1.61224820359193, 53.3428086329774], [-1.61236271083936, 53.3431002452389], [-1.61230306160512, 53.3432186688852], [-1.61215226151335, 53.3432828798233], [-1.61203485231048, 53.3433112547924], [-1.61121006596568, 53.3433401174561], [-1.60983421531853, 53.3433392308177], [-1.60924383164977, 53.3433435933479], [-1.60881162667894, 53.343303449596], [-1.60856557916018, 53.3432738894899], [-1.60789962494756, 53.3428492680962], [-1.60764407748973, 53.3427082461882], [-1.60761106371395, 53.3427027455223], [-1.6073244373483, 53.3426828447038], [-1.60660682032244, 53.3426400475064], [-1.60598701645361, 53.3425858874836], [-1.60532059382521, 53.3425378606881], [-1.60452093064708, 53.3424489510848], [-1.60432292349237, 53.3424213379483], [-1.60424781418018, 53.3424147990753], [-1.60366349391586, 53.3424209509078], [-1.60343193933592, 53.3424588239252], [-1.6032379236647, 53.3424815438168], [-1.60157558241263, 53.3426090118115], [-1.6007244062875, 53.3427194878917], [-1.60052131163157, 53.3427592470808], [-1.60040833711843, 53.3427894222456], [-1.60033455379744, 53.3428134389027], [-1.60010081122027, 53.3429124034451], [-1.59943899825988, 53.343178963584], [-1.59931089543, 53.3432243642665], [-1.59886801572916, 53.3433595582148], [-1.59863908869417, 53.3434198962112], [-1.59835165076154, 53.3434863266388], [-1.59794379012258, 53.3435712233186], [-1.59739034564292, 53.3436503260114], [-1.59637766891127, 53.3438374178459], [-1.59607081143293, 53.3438876029104], [-1.59538411908153, 53.3440830662547], [-1.59475173845699, 53.344244562476], [-1.5943088517325, 53.3443778527595], [-1.5934582017483, 53.344583531459], [-1.59298566335908, 53.3446825687345], [-1.59284126513268, 53.3447081371975], [-1.59185147618414, 53.3448540229238], [-1.59146455730225, 53.3449479540956], [-1.59136502049842, 53.3449961395798], [-1.59125308105702, 53.3450721386438], [-1.59117575779053, 53.3451545471831], [-1.59103595168183, 53.3453213016064], [-1.5909055470349, 53.3454502562816], [-1.5908475518647, 53.3455445023727], [-1.59081860052133, 53.3455803474112], [-1.59069745873451, 53.3456859691613], [-1.59060787498084, 53.3457809159751], [-1.59051861256166, 53.3458552850329], [-1.59052284834106, 53.3458786639341], [-1.59054795436381, 53.3459209843409], [-1.59058672836955, 53.3459588589811], [-1.59063594702291, 53.3459922768051], [-1.59069875054421, 53.3460167541877], [-1.59098798931427, 53.3460887342581], [-1.59134932215264, 53.3461592530981], [-1.59161163397345, 53.3462239513324], [-1.59455198596595, 53.3467778004825], [-1.59952248571817, 53.3477257862475], [-1.60146597764018, 53.3480846268478], [-1.60301179059115, 53.3483917934646], [-1.60486079486185, 53.3487421766951], [-1.60865440400493, 53.3494952902093], [-1.61049905874006, 53.3498302963361], [-1.61217565216658, 53.3501530463573], [-1.61285324527799, 53.3503080959729], [-1.61410546237928, 53.3505421887622], [-1.61496922111723, 53.3507122042821], [-1.61562742632442, 53.3508491145674], [-1.61661748935764, 53.3510105380093], [-1.61689359528927, 53.3510500635092], [-1.61773853650105, 53.3511381357962], [-1.62246893876939, 53.3516736379725], [-1.62331524864058, 53.3517778499628], [-1.62444995283427, 53.3519064151542], [-1.62475320735271, 53.3519307304028], [-1.62531276950123, 53.352007968181], [-1.625506328825, 53.3520409247257], [-1.62560375202567, 53.3520618974478], [-1.62572811752024, 53.3521036230224], [-1.62588668006751, 53.3521868816655], [-1.62588816579826, 53.3521868863127], [-1.6261033050647, 53.3523160606245], [-1.62622300092885, 53.3523820333848], [-1.62654585065068, 53.3525601588339], [-1.62780539958093, 53.3533622329587], [-1.62834835808633, 53.3537990291449], [-1.62870326734709, 53.3541102423833], [-1.6288820517348, 53.3542770405068], [-1.62917096260763, 53.3545718732658], [-1.62991953370237, 53.3554002861654], [-1.63059203910695, 53.3561609731087], [-1.6310464363311, 53.3562594256104], [-1.63262738386129, 53.3567317495211], [-1.63262899445155, 53.3567317544676], [-1.63409171900453, 53.3571550813086], [-1.63486663396388, 53.3573669154401], [-1.64057722173842, 53.3590228305267], [-1.64335600392594, 53.359850950194], [-1.64579791519553, 53.3605440251975], [-1.64860995291599, 53.361374815635], [-1.64880633308651, 53.3614338015581], [-1.6492830834184, 53.361568194694], [-1.65044019006085, 53.361923027318], [-1.65154611841062, 53.3622965702911], [-1.65294152961988, 53.3627411229081], [-1.65439889537952, 53.3631426143134], [-1.65525679107809, 53.3633383795649], [-1.65654118181765, 53.363761811735], [-1.65787684752329, 53.3641754926813], [-1.65880710667559, 53.3645305814769], [-1.65960584123712, 53.3648177150314], [-1.66040584173061, 53.3651184151802], [-1.66052702864133, 53.3651952298996], [-1.66085781341544, 53.3653561197464], [-1.66111366408279, 53.365498015652], [-1.66172187657991, 53.3657369690483], [-1.66254430742755, 53.3660727640286], [-1.66354854039897, 53.3665951654561], [-1.66390418263941, 53.3668595463578], [-1.66395050906038, 53.366892925436], [-1.66408341927554, 53.3669930436939], [-1.66413098657552, 53.3670579663898], [-1.66417260669709, 53.3671227833939], [-1.66417181749522, 53.367223425181], [-1.6641680260862, 53.3673276522015], [-1.66410385952603, 53.3678308719005], [-1.66402037519505, 53.3679375718369], [-1.66393053261635, 53.3680964625676], [-1.66393821007787, 53.3682708142638], [-1.66391542361497, 53.3684901000133], [-1.66385208736396, 53.3686975902458], [-1.66384554393881, 53.3689627501447], [-1.6639101119044, 53.3691669150883], [-1.66387603289635, 53.3692936130989], [-1.66391328109898, 53.3693314591793], [-1.66369654805441, 53.3695690708496], [-1.66364447721612, 53.3698880201976], [-1.66357945987363, 53.3701196777399], [-1.66343428105994, 53.3704284795227], [-1.66339580112637, 53.3705470779128], [-1.66336602546393, 53.3706934666594], [-1.66333163282869, 53.3708597018948], [-1.66339445590939, 53.3709075048658], [-1.66348708169432, 53.3709787548559], [-1.66351309395311, 53.3711064297303], [-1.66344111862932, 53.3712770527397], [-1.66324406216511, 53.371878744031], [-1.66315851031929, 53.3722470219074], [-1.66280601448717, 53.3731044678147], [-1.66270790372945, 53.3731626003718], [-1.66279839980539, 53.3733003418621], [-1.66280443652388, 53.3733048522863], [-1.6629524181992, 53.3734131911055], [-1.66303425386602, 53.3735176599838], [-1.66308791059428, 53.3735654372969], [-1.66313107834913, 53.3736230698584], [-1.66317552850493, 53.3737068548348], [-1.66320794580661, 53.3737923137726], [-1.66321667439025, 53.3738327754812], [-1.66317790500597, 53.3739720404627], [-1.66320461236377, 53.3740269300801], [-1.66330159383672, 53.3741125706638], [-1.66333271445206, 53.3741737638091], [-1.66329148162487, 53.3742482318557], [-1.66323383488576, 53.3743137576551], [-1.66307641227283, 53.3744597869715], [-1.66294936630947, 53.3745564785563], [-1.66260904722717, 53.3748251910354], [-1.66248323432222, 53.3749696017144], [-1.6623484935609, 53.375083344838], [-1.66225768146296, 53.3751738476497], [-1.66219238797727, 53.3752501350022], [-1.66212390788293, 53.3753532811519], [-1.66204622734053, 53.375491446957], [-1.66200029395008, 53.3755956454079], [-1.66197418425591, 53.3756692567423], [-1.6618440310969, 53.3761588081494], [-1.66177678855332, 53.3762934087013], [-1.66165896782959, 53.3763667616222], [-1.66150923639517, 53.376478753414], [-1.66106193912911, 53.3767786095692], [-1.66084503230133, 53.3770314011326], [-1.65999584954165, 53.3779647077883], [-1.65953666864015, 53.3784308558665], [-1.65890429770222, 53.3791346393059], [-1.65842398623491, 53.3796052152223], [-1.65713431896726, 53.3807088764825], [-1.6566102140393, 53.3812107705165], [-1.65602142659798, 53.3817087927163], [-1.6552484817874, 53.3826782280328], [-1.65470155707408, 53.3833760333034], [-1.6535305185542, 53.3848521072128], [-1.65351637110768, 53.385114547596], [-1.65353880651418, 53.3856970869513], [-1.6536067609426, 53.3863992712645], [-1.65375938645725, 53.3877911982541], [-1.65369217465184, 53.3894035449912], [-1.65367246923661, 53.3901692760701], [-1.65365691606835, 53.3907894453216], [-1.65358940594831, 53.3909663645791], [-1.65357187180587, 53.390989056733], [-1.6535422966565, 53.3910273334844], [-1.65376776850862, 53.3917686132055], [-1.65381782187416, 53.3919108262078], [-1.65387950174467, 53.3920871305988], [-1.65439014635203, 53.3927205033482], [-1.65452283093715, 53.392871042636], [-1.65461081618027, 53.3929530693962], [-1.65471696830255, 53.3930270614854], [-1.65485063497287, 53.3930562025107], [-1.6548881580552, 53.3930617020954], [-1.65499478874942, 53.3930763868376], [-1.65524420713489, 53.3930960662577], [-1.65603911985452, 53.393165749465], [-1.65752387280363, 53.393282333229], [-1.65849920949977, 53.393365096721], [-1.65900786910491, 53.3934951370951], [-1.66073849494173, 53.3935189269658], [-1.66209033428454, 53.393529042277], [-1.66511276765444, 53.3935348424693], [-1.66607926370313, 53.3933864894123], [-1.66712571265272, 53.3932231638758], [-1.66808924679528, 53.3930711909017], [-1.66874710758982, 53.393551247153], [-1.67052503293621, 53.3950518728342], [-1.6711203322583, 53.3954678538999], [-1.67147800581573, 53.395698967541], [-1.67168907538922, 53.395823552829], [-1.67190146055291, 53.3959706972877], [-1.67215695592646, 53.3961879597508], [-1.67297983004925, 53.3969426076696], [-1.67325251329117, 53.3970862299894], [-1.67396964888406, 53.3974998337032], [-1.6742511693015, 53.3976561472233], [-1.67453276074321, 53.397803384512], [-1.67482040319886, 53.3979543228922], [-1.67632929122915, 53.3988932249974], [-1.67708089008212, 53.3993320641736], [-1.67755124094588, 53.399576941991], [-1.67786916584944, 53.3997107909503], [-1.67871614534385, 53.4000681936933], [-1.68047499236374, 53.4009833623287], [-1.68124787809356, 53.4014052482634], [-1.68182866242726, 53.4017807007349], [-1.68224237965515, 53.4017773060398], [-1.68272230330053, 53.4017588101832], [-1.6832039749706, 53.4017052705592], [-1.68388685489392, 53.4016926981903], [-1.68507406158622, 53.4016148622501], [-1.68515990758723, 53.4016105943608], [-1.68568192573833, 53.4015850066281], [-1.68629583891377, 53.4015587573742], [-1.68852086493882, 53.4014827875865], [-1.69452121635221, 53.4011611620031], [-1.69485273774569, 53.4012761288998], [-1.69676102016833, 53.4019694781072], [-1.69828520921981, 53.4025171569429], [-1.69974801668958, 53.4030520822054], [-1.70064370615783, 53.4033617331867], [-1.70064519368875, 53.4033617369008], [-1.70286686333828, 53.404224797838], [-1.70496532088341, 53.405055973056], [-1.70480368175335, 53.4051697868044], [-1.7047024591395, 53.4052270482885], [-1.70459378284153, 53.4052860881409], [-1.70433871393037, 53.4054058722745], [-1.70429649751078, 53.405430929], [-1.70420877214089, 53.4054910089078], [-1.70413318205852, 53.4055537244821], [-1.70404215674764, 53.4056604333534], [-1.70401317896161, 53.4057079869021], [-1.70397337836857, 53.4058140140763], [-1.70396380854568, 53.4058885740602], [-1.70397062659507, 53.4059964232429], [-1.7039571913487, 53.4061995633465], [-1.70394479421468, 53.4064674057696], [-1.70402135536038, 53.4069277675541], [-1.70404492530709, 53.4069988147931], [-1.7040535292542, 53.4070636256717], [-1.70405309395869, 53.4071265266399], [-1.70404221043159, 53.407175922555], [-1.70392246428569, 53.4075252725876], [-1.70391112010362, 53.4076411639182], [-1.70392118827999, 53.4077095720465], [-1.70394181271251, 53.4077761195346], [-1.70405916550588, 53.4079876703397], [-1.70409619253938, 53.4080677366417], [-1.70411677860884, 53.4081396753462], [-1.70412631467032, 53.4082852724032], [-1.70375778804199, 53.40893521869], [-1.70374253828701, 53.4089522539048], [-1.70338457653877, 53.4093827870762], [-1.70326395465475, 53.4096422735722], [-1.70302363981057, 53.4104550910383], [-1.70300111284155, 53.4106627017133], [-1.70298159244652, 53.4108658264393], [-1.70303305794415, 53.4110456740023], [-1.70307148553361, 53.4111384143155], [-1.70316802091191, 53.4113300549428], [-1.70330926890186, 53.4115668262495], [-1.70340008242272, 53.4117072329745], [-1.70363850249379, 53.4120269147079], [-1.70384087189135, 53.4125730439069], [-1.70385099925235, 53.412633275219], [-1.70385356508412, 53.4126926788855], [-1.70384556848089, 53.4127546622512], [-1.70382864789605, 53.4128157256183], [-1.70378585226161, 53.4129054794859], [-1.70336211037694, 53.4134797153703], [-1.70323415116834, 53.4137221106404], [-1.7033621431494, 53.4139219158751], [-1.70358031445485, 53.4143548609108], [-1.70394502168919, 53.4149085799229], [-1.70436472917241, 53.415349119984], [-1.70458852421461, 53.415186037444], [-1.70465747543763, 53.4152249362851], [-1.70506364794149, 53.4154532817574], [-1.70554174585901, 53.415721431222], [-1.70599884576211, 53.415977843952], [-1.7073405034317, 53.4166956907409], [-1.70820097335387, 53.4171625424895], [-1.70853223310302, 53.4173394733109], [-1.70896034299844, 53.4174493328947], [-1.70913152182969, 53.4174883881652], [-1.70941103679328, 53.4175402861102], [-1.70955529648148, 53.4175792746468], [-1.70994648005001, 53.4175739311637], [-1.71015602447573, 53.4175169281004], [-1.71043680139583, 53.4173827268076], [-1.71050885984467, 53.4174035681397], [-1.71070262629515, 53.4174598384191], [-1.71088128212395, 53.4175123884495], [-1.71219051013567, 53.4181465327856], [-1.71343663252915, 53.4187805119391], [-1.71401851353611, 53.4190704404224], [-1.71437392782915, 53.4190173713125], [-1.7147442910151, 53.418992103228], [-1.71503910931375, 53.419002778621], [-1.71532772398919, 53.4190322192388], [-1.71562258300258, 53.4190553837768], [-1.71596068937307, 53.4191235792747], [-1.71636181669245, 53.4192107943193], [-1.71677795745528, 53.4192980425679], [-1.7167869960202, 53.4193007604748], [-1.71682304924176, 53.4193080337406], [-1.7171010313865, 53.419369884643], [-1.71724682662021, 53.4193854927743], [-1.71724694691441, 53.419385504743], [-1.71831942932279, 53.4194266681478], [-1.71939778855727, 53.4192718514137], [-1.72081632284524, 53.4190963408886], [-1.72194223762389, 53.4190279666217], [-1.72334830720572, 53.4189161079241], [-1.72359711010162, 53.418599386478], [-1.72385583094134, 53.41837883699], [-1.72405537328246, 53.4182355206836], [-1.72437111697013, 53.4180402628836], [-1.72481796098067, 53.4178103485713], [-1.72515314802139, 53.4176384963284], [-1.72576706256507, 53.4173926972163], [-1.72669762107196, 53.4170397846152], [-1.72898248326995, 53.4161919292471], [-1.72945571115405, 53.4160591056787], [-1.72982652165353, 53.4159575014792], [-1.72995113840574, 53.4159856385031], [-1.73059227482245, 53.4161955552225], [-1.73123632516921, 53.4164163475779], [-1.7318118678959, 53.4167816577233], [-1.73239909899213, 53.4171839235129], [-1.73293230221475, 53.4175778893927], [-1.73340718878765, 53.4181542288754], [-1.73382471944042, 53.4185200772159], [-1.73432439890416, 53.4189633852072], [-1.73507527665797, 53.419692282406], [-1.73554267126068, 53.4197831759325], [-1.73704217058947, 53.4201298320736], [-1.73756798406814, 53.4202648773738], [-1.73888978033262, 53.4206444595365], [-1.73953686988847, 53.4208723158826], [-1.73976196210261, 53.4209879155366], [-1.73988471709548, 53.42108073751], [-1.74052989040892, 53.4216466380591], [-1.74161915291284, 53.4226583896865], [-1.7418482591372, 53.4228512742379], [-1.7420999063975, 53.4230306377742], [-1.74238174685163, 53.4232236348988], [-1.742990208534, 53.4236329965208], [-1.74368571949914, 53.4240730936302], [-1.74375933653952, 53.4241074877659], [-1.74406084830151, 53.4242501116178], [-1.74470511923762, 53.4249840257819], [-1.74500876632115, 53.4252902860069], [-1.74550168750593, 53.4256499661245], [-1.74621997021917, 53.4258384900169], [-1.74629350678473, 53.4258665023532], [-1.74642108757207, 53.4259242824173], [-1.74651111628282, 53.4259748845642], [-1.74657253202956, 53.4260172491747], [-1.74662945479523, 53.42606409673], [-1.74671906273467, 53.4261649295363], [-1.74673700635097, 53.4261937228229], [-1.74680239014408, 53.4263413212624], [-1.74678427774276, 53.4265919920367], [-1.74671033542529, 53.4268830714216], [-1.74655926536717, 53.4272288033309], [-1.74655922274429, 53.4272288850366], [-1.74641314123217, 53.4275134385396], [-1.74635213856737, 53.42765178351], [-1.74625804926374, 53.4277827793713], [-1.74622021818331, 53.4278222380623], [-1.74616723621381, 53.4278635513121], [-1.74609476414837, 53.4279065301244], [-1.74600270319615, 53.4279467716556], [-1.7455679218852, 53.4281741820122], [-1.74532168177805, 53.4283291164097], [-1.7450769170391, 53.4284859401279], [-1.74472164437449, 53.4287583569776], [-1.74454421864557, 53.4289836164544], [-1.74412226258662, 53.429573274228], [-1.74403078033977, 53.4297852373495], [-1.74398911493338, 53.4299459975778], [-1.74402554360077, 53.4301411613567], [-1.74403116064489, 53.4302184524941], [-1.74404894946106, 53.4302733054592], [-1.74407277057667, 53.4303155900375], [-1.74411751215104, 53.4303660971316], [-1.74419243158778, 53.4304336525957], [-1.74440230768357, 53.4305724852466], [-1.74445312150894, 53.4306247121117], [-1.74448297900848, 53.4306741985461], [-1.74449480062932, 53.4307102580125], [-1.74449442965188, 53.4307722602882], [-1.7444177177062, 53.4310040246251], [-1.74434810950053, 53.431064981054], [-1.74431486955477, 53.4311035500482], [-1.744290552738, 53.4311439349115], [-1.74427208134932, 53.4312032028356], [-1.74427301019628, 53.4312966588394], [-1.74443626254165, 53.4316790913201], [-1.74452265089367, 53.4318419227928], [-1.74461353480542, 53.4320003594038], [-1.74480725400102, 53.4323108787256], [-1.744896951065, 53.4324189020744], [-1.7452162294626, 53.4326308429928], [-1.74561642656685, 53.4329256255503], [-1.74632458257708, 53.4335437473617], [-1.74670828297538, 53.4338186329771], [-1.74684451112921, 53.4339502063417], [-1.74689984258279, 53.4340159209858], [-1.74698033912157, 53.4341491740095], [-1.7469907449121, 53.4341734579266], [-1.74698681570399, 53.4343127318093], [-1.74749134341422, 53.4347866405987], [-1.74766052536003, 53.4349289762459], [-1.74783282503392, 53.435068621656], [-1.74819691872473, 53.435347145581], [-1.7483441126616, 53.43540954819], [-1.74839654736358, 53.4354411094152], [-1.74845808741484, 53.4354861689979], [-1.7485179383973, 53.4355438044832], [-1.74856115477405, 53.4356023047388], [-1.74858653854971, 53.4356544764206], [-1.74859981174742, 53.4356976376921], [-1.74862435039357, 53.4358721067781], [-1.74874426349028, 53.4362049297946], [-1.74876201308504, 53.4362678689738], [-1.74879892723171, 53.4366382587579], [-1.74880709292219, 53.4367902292119], [-1.7488202291895, 53.4368567532148], [-1.74884243087329, 53.4369223973894], [-1.74889000843586, 53.4370205336103], [-1.74894964540444, 53.4371150116051], [-1.74898401858759, 53.4371582170948], [-1.7491636119391, 53.4373473893112], [-1.74920845521558, 53.4374040941217], [-1.74928451722277, 53.4375129844623], [-1.74934700220226, 53.4376300231988], [-1.74938419889408, 53.4377208594368], [-1.74942241808382, 53.4378701063203], [-1.74959080949974, 53.4384250741285], [-1.74963940471155, 53.4386040866606], [-1.74968206014131, 53.4387803011896], [-1.74972822931623, 53.4391192589743], [-1.74970365945731, 53.4392028667202], [-1.74967175165205, 53.4392468312822], [-1.7495066911746, 53.4394136252293], [-1.74938357857456, 53.4396228303034], [-1.74931285425487, 53.4398725818095], [-1.74851063931689, 53.4400892579873], [-1.74841063392027, 53.4402095500215], [-1.74829205256681, 53.4404069920512], [-1.74770014067404, 53.4406978794022], [-1.74738614332931, 53.4408608506418], [-1.7472593353777, 53.4409162965395], [-1.74718537328257, 53.4409556781939], [-1.74711435294393, 53.4410013562054], [-1.74706128777353, 53.4410543519601], [-1.74702181150951, 53.441118068302], [-1.74700334328533, 53.4411764386252], [-1.74699999651087, 53.4412384345443], [-1.74695465447687, 53.4415169934831], [-1.74685861904831, 53.4417199629244], [-1.74681921116965, 53.4417719987195], [-1.74672061790087, 53.4418832156409], [-1.74663733106525, 53.4419666093998], [-1.74658744149049, 53.4420070304037], [-1.74645902276556, 53.4420822405546], [-1.74594724101228, 53.4423346490004], [-1.74551781625924, 53.442638450802], [-1.74546488711479, 53.442688659689], [-1.74541632951675, 53.4427550527465], [-1.74533364330796, 53.4429868046596], [-1.74526815087988, 53.443103483087], [-1.74509958988336, 53.4433521256943], [-1.74505707016584, 53.4434050522391], [-1.74495714444493, 53.4435090758389], [-1.74480579326532, 53.4436400389035], [-1.74446712043158, 53.4438757363508], [-1.74419966857925, 53.4440333182686], [-1.74417095668652, 53.4440602144233], [-1.74414368669989, 53.4440952015484], [-1.74412683299032, 53.4441320077555], [-1.74409194792866, 53.444422270355], [-1.74407517437192, 53.4444662657631], [-1.74403717496189, 53.4445309730055], [-1.74397798686, 53.444609923085], [-1.74394313281589, 53.4446466907417], [-1.74383267834931, 53.4447255310129], [-1.74379036546586, 53.4447640803624], [-1.74374635168912, 53.4448170931165], [-1.74371290677355, 53.4448673429451], [-1.74368084896011, 53.4449553368373], [-1.74367441569702, 53.4450137315161], [-1.74368286593685, 53.4451152914104], [-1.74372675406866, 53.4453311383573], [-1.74377133937669, 53.4454309788282], [-1.74380404011459, 53.4454841558728], [-1.74389976337367, 53.4456056711038], [-1.7439294869582, 53.4456587518538], [-1.74395018972194, 53.4457252925097], [-1.74396016847361, 53.4458206553456], [-1.74395942963947, 53.4459437608527], [-1.74394978128858, 53.4460416874589], [-1.7439049033064, 53.4462384746483], [-1.74390290723248, 53.4463229384074], [-1.74390857387959, 53.4463922324254], [-1.74393234281537, 53.4464444015667], [-1.74400703543757, 53.4465335228111], [-1.74425427969726, 53.4467264405404], [-1.7443563054232, 53.446791358114], [-1.74442671245869, 53.4468499169801], [-1.74448508629483, 53.44690755215], [-1.74461940666582, 53.447114605955], [-1.74466032125399, 53.447309688896], [-1.74466017060067, 53.447604518104], [-1.74464746649163, 53.447715108463], [-1.74462879457022, 53.447806725654], [-1.74460118749212, 53.4478974249132], [-1.74449654350242, 53.4482693998402], [-1.74441312665411, 53.4483716622558], [-1.74427562227103, 53.4484468505894], [-1.74441928785584, 53.4485865293701], [-1.74494441033643, 53.4491691320277], [-1.74531271442634, 53.4495078784402], [-1.7455131199646, 53.4497312466696], [-1.74592668896557, 53.4500799730124], [-1.74599697616116, 53.4501601867405], [-1.74609529282797, 53.4503284331025], [-1.74612625519594, 53.4504453149328], [-1.74613600440743, 53.4505802141016], [-1.74616749656277, 53.4506081380224], [-1.74620788016583, 53.4506441668341], [-1.74627927294247, 53.4507890813561], [-1.74628074607852, 53.4507917801259], [-1.74631856687095, 53.4510290888405], [-1.7464100949341, 53.4510867920656], [-1.74644756823562, 53.451111223075], [-1.74654483209363, 53.4512066800839], [-1.74657001211149, 53.4512732293061], [-1.74655899366515, 53.451351383286], [-1.74647241499419, 53.4514842815316], [-1.74639348307318, 53.4515838576448], [-1.74621429774976, 53.4518396656347], [-1.74618683183987, 53.4519070021115], [-1.74620271311529, 53.4520130693112], [-1.74621292282312, 53.4520706909481], [-1.74626958016012, 53.4521678588248], [-1.74631882935065, 53.452237154767], [-1.7465326377864, 53.4525063759765], [-1.74672405335869, 53.4527207358388], [-1.74682283967724, 53.4528323705589], [-1.74691357707771, 53.4530240521431], [-1.74694777425854, 53.4530987072588], [-1.74698270315505, 53.45330105333], [-1.74704219610404, 53.4536741847382], [-1.74707071181658, 53.4539322304793], [-1.74712739150079, 53.4542774987643], [-1.74712740706132, 53.4545470757781], [-1.74712739299144, 53.4545471629365], [-1.74711167807675, 53.4546450789506], [-1.74709489818769, 53.4546899723897], [-1.74705219358102, 53.4547725527485], [-1.74700177209867, 53.4549001355594], [-1.74692401505042, 53.4550518332571], [-1.74669636557503, 53.4553542659957], [-1.74667945683556, 53.4554207260501], [-1.74665960989066, 53.4554593236996], [-1.74665786908208, 53.4555016431486], [-1.74667571951978, 53.4555484084165], [-1.74681607945508, 53.4557481920157], [-1.74685900913626, 53.4558580006287], [-1.74710742800888, 53.4561362803797], [-1.74721969742636, 53.4562371596671], [-1.74730500042435, 53.4563415755093], [-1.74737349151707, 53.4564757004591], [-1.74740744480857, 53.4565710220579], [-1.74741763644667, 53.4566321480982], [-1.74742351817117, 53.4566663068167], [-1.74743068318658, 53.4567355133967], [-1.74744848930374, 53.4567688883105], [-1.74755631812018, 53.4568652654484], [-1.74763584762633, 53.4569175509997], [-1.74773767413398, 53.4570211033924], [-1.74789476112968, 53.4571868653444], [-1.74794441314091, 53.4572103327372], [-1.74798935914771, 53.4572319934065], [-1.74810649217043, 53.4572879531807], [-1.74816658827345, 53.4573303128506], [-1.74817358661043, 53.4574067978826], [-1.74817769833399, 53.4574885782403], [-1.74813961138192, 53.4575460072432], [-1.74809431985659, 53.4575827547833], [-1.74786796635647, 53.4576442807151], [-1.74780615337461, 53.4576612232083], [-1.74769460399524, 53.4576897431678], [-1.74752710301665, 53.4577308151801], [-1.74742609655164, 53.4577611539212], [-1.74734150769366, 53.457787034792], [-1.74726604282558, 53.4578237174362], [-1.74718590845942, 53.4578729713344], [-1.74708158967666, 53.4579383479408], [-1.74700976706057, 53.4581144097522], [-1.74701234302838, 53.4582033749882], [-1.74701475818329, 53.4582986309132], [-1.74703366186565, 53.4584191720899], [-1.74711892301125, 53.4587618036356], [-1.74712413215216, 53.4588885142205], [-1.74710243227239, 53.4590089686626], [-1.74702255771102, 53.45926498546], [-1.74693736885082, 53.4594121729126], [-1.74685680561647, 53.4595333118163], [-1.74680206034902, 53.459614158147], [-1.74674603484464, 53.4596805349165], [-1.74665972108246, 53.4597450498896], [-1.74651624416038, 53.459816632702], [-1.74639541477513, 53.4598801764572], [-1.74632295203472, 53.4599124620643], [-1.74622779733513, 53.4599598845288], [-1.74621698604013, 53.4600029942375], [-1.74621370013065, 53.460033538837], [-1.74624368150055, 53.4600659516337], [-1.74627803814248, 53.4601145474185], [-1.74633785090533, 53.460183865054], [-1.74641115177467, 53.460261387975], [-1.74646499473406, 53.4603324905787], [-1.74649329936597, 53.4603756822412], [-1.7465170737272, 53.4604287488454], [-1.74652264470766, 53.4605151148701], [-1.74652974467988, 53.4605951032673], [-1.74648681763005, 53.4607136259593], [-1.74644583247662, 53.4607773379073], [-1.74633197971293, 53.4609200616726], [-1.74555837258699, 53.461579956125], [-1.74532468609971, 53.4618877630235], [-1.74527911360797, 53.4619496680248], [-1.7452637110049, 53.4619918690272], [-1.74525749192384, 53.4620349875088], [-1.74526320613412, 53.462076334601], [-1.74528551665239, 53.4621249949066], [-1.74532296726174, 53.4621753952098], [-1.74538291556457, 53.4622222488899], [-1.74555707655882, 53.4623169703355], [-1.74576568128091, 53.4624253335514], [-1.74598183557357, 53.4625587828471], [-1.74599380144649, 53.4625722863317], [-1.74622430253157, 53.4628199757491], [-1.74654165568485, 53.4631442274757], [-1.74682471239449, 53.4634099974418], [-1.74709320450164, 53.463598368368], [-1.74727623766952, 53.4637273418981], [-1.74748762686068, 53.4638913299076], [-1.74782701409854, 53.4640628659919], [-1.74800740848434, 53.4641135664103], [-1.74810974155824, 53.4641344487526], [-1.74836390769353, 53.464205971717], [-1.74847369088644, 53.4642268694041], [-1.74883493789935, 53.4642725571249], [-1.74934225717801, 53.4643141462304], [-1.74956823748703, 53.4643218080203], [-1.74969311242366, 53.4643319527781], [-1.74980156889027, 53.4643465572927], [-1.74991584093104, 53.4643647674143], [-1.75005132286967, 53.4643875150014], [-1.7503310453457, 53.4644644783543], [-1.7506650196824, 53.4645235817516], [-1.75071626750436, 53.4645308773741], [-1.7507628883277, 53.4645435545793], [-1.75083199223226, 53.4645769455604], [-1.75091306747088, 53.4646230314401], [-1.75102849439835, 53.4646987524106], [-1.75123593743929, 53.4647764621566], [-1.75138782864827, 53.4648181125388], [-1.75144950388089, 53.4648263274362], [-1.7516499825604, 53.464820453358], [-1.75180340594698, 53.4648549174781], [-1.75215396997294, 53.4649240255104], [-1.7522412498764, 53.4649286994398], [-1.75253486471195, 53.4649454812404], [-1.75266587590337, 53.4649475487175], [-1.7530726967787, 53.4649313158393], [-1.75333798894531, 53.4649066124685], [-1.75354291871017, 53.4648827730008], [-1.75365760456675, 53.4648515586374], [-1.75378757083186, 53.4647763450671], [-1.75385278268893, 53.4646884181056], [-1.75392907345767, 53.4645312331751], [-1.75397911702344, 53.4644675364273], [-1.75402614483248, 53.4644101235373], [-1.75408512957974, 53.4643680118522], [-1.75419852462844, 53.4643017494895], [-1.75431316164847, 53.4642569655251], [-1.75463591682627, 53.4641947266099], [-1.75527860751585, 53.4640199198076], [-1.75550176208658, 53.4639789518032], [-1.75571134202338, 53.4639227689059], [-1.75597068641491, 53.4638945429906], [-1.75608208718742, 53.4638938711408], [-1.7563713338954, 53.463891764404], [-1.756665052488, 53.4638896660552], [-1.75756408266669, 53.4639283313273], [-1.75780354169053, 53.4639243235279], [-1.75818784719506, 53.4638909533636], [-1.75848495235018, 53.463816970949], [-1.75857697731081, 53.463794691851], [-1.75863437038838, 53.4637696472598], [-1.75886080625172, 53.4636747645531], [-1.75906763120962, 53.4635997000052], [-1.7593117413227, 53.4635633484369], [-1.75933136752837, 53.463562489946], [-1.75939769370836, 53.4635608255617], [-1.75948052003562, 53.4635618908018], [-1.7596341190751, 53.4635657936927], [-1.75990365114745, 53.4635798134356], [-1.76048769746371, 53.4636474774031], [-1.76068027447291, 53.4636766172024], [-1.76085191283578, 53.4636968190667], [-1.76129314807546, 53.4636976994908], [-1.76144536780308, 53.4636817383595], [-1.76166399356934, 53.4636498245094], [-1.7617770635117, 53.4636392670426], [-1.76191256011584, 53.4636377388544], [-1.76212040421983, 53.4636462396877], [-1.76251478308902, 53.4636983309163], [-1.76263962435078, 53.4637147530497], [-1.7628579044054, 53.4637448391214], [-1.76305933298086, 53.4638126309889], [-1.76309391664748, 53.4638243816215], [-1.76340690008497, 53.4638861034803], [-1.76369139806734, 53.4639118255479], [-1.76414765225654, 53.4639369874147], [-1.76451826280761, 53.4639314267275], [-1.76468977606728, 53.4639524308828], [-1.76491236365562, 53.4640122642281], [-1.76575214493858, 53.4641451026171], [-1.76601579665881, 53.4641456180758], [-1.76620694280685, 53.4641648616321], [-1.76648219630288, 53.4642238070335], [-1.76675287042208, 53.4643025110333], [-1.76710778804083, 53.4644192085971], [-1.76728364980388, 53.4644860456538], [-1.76738279921833, 53.4645230798824], [-1.76767317841486, 53.4645874431436], [-1.76773942263382, 53.4646010497258], [-1.76779810524991, 53.4646119468917], [-1.76794398528332, 53.4646428710689], [-1.76810203635761, 53.4646737287532], [-1.76824939231331, 53.4647072620476], [-1.76843734147339, 53.4647669318847], [-1.76853051285581, 53.4648075480531], [-1.76859816441538, 53.4648364335351], [-1.7686686652231, 53.4648895859259], [-1.76884120888962, 53.4650194048575], [-1.76896589898438, 53.4650879374161], [-1.76905142211442, 53.4651420173966], [-1.76910823155694, 53.4652238978521], [-1.76916477154422, 53.4653552893636], [-1.76919590339254, 53.4654317290437], [-1.76924081239501, 53.4654866285397], [-1.7692948703842, 53.4655262707881], [-1.76948729959075, 53.465585138633], [-1.76964529700258, 53.4656267775245], [-1.76972946832335, 53.4656556941341], [-1.76984377563347, 53.4656927554525], [-1.76995052116709, 53.4657271065197], [-1.77000287326821, 53.4657838176985], [-1.77004928792958, 53.4658360241613], [-1.77008947043025, 53.4659386299751], [-1.77010998769405, 53.4660491949868], [-1.77009388545111, 53.4662253749836], [-1.77003147721177, 53.4663519553666], [-1.77001995902707, 53.4665299418239], [-1.7701020415827, 53.4666702786023], [-1.77021753644077, 53.4667639524438], [-1.77039318325128, 53.466873107147], [-1.77049532596529, 53.4669326091611], [-1.77056304028346, 53.4669507111636], [-1.77061858850356, 53.4669678900838], [-1.77070741540146, 53.4669860324344], [-1.77081729567078, 53.4669925328241], [-1.77094088170171, 53.4669909715913], [-1.77121506919734, 53.466975321129], [-1.77159930518137, 53.4669580831914], [-1.77175436887447, 53.4669691621689], [-1.77214443875496, 53.4669986587455], [-1.7725677725443, 53.4669859853609], [-1.77272421611982, 53.4670177326613], [-1.77278284736588, 53.4670394097117], [-1.77291353415852, 53.467103456142], [-1.77300506045543, 53.4671747078924], [-1.77314580833398, 53.4673322261228], [-1.77321322316156, 53.4674069357027], [-1.77331698035237, 53.4674439736674], [-1.77349283046124, 53.467517181389], [-1.77359514463385, 53.4675452307084], [-1.77376342879176, 53.4676165370677], [-1.77386107753666, 53.4676580554059], [-1.77405219655011, 53.4677096354507], [-1.77426153248719, 53.4676983489157], [-1.77433395967356, 53.4676948909591], [-1.77439269106688, 53.467697697221], [-1.77443624167465, 53.4677058669867], [-1.77449947858872, 53.4677257541909], [-1.77456862860959, 53.4677546390637], [-1.77462719528245, 53.4677888952052], [-1.77479545166542, 53.4678656811612], [-1.77504047620269, 53.4679640870095], [-1.7754630659845, 53.4680942747857], [-1.77556697824575, 53.4681025572881], [-1.77563473397022, 53.4681135565684], [-1.77578364635574, 53.4681380977443], [-1.77591914483218, 53.4681626127394], [-1.77606332548303, 53.4682365663593], [-1.77619997596228, 53.4683257805663], [-1.77630342668352, 53.468422122407], [-1.77643516602043, 53.4685716220403], [-1.776585597048, 53.4688990757362], [-1.77664602516029, 53.4691472862546], [-1.77665645478106, 53.4691715671044], [-1.77667427319243, 53.4692318053115], [-1.77675142503713, 53.4694647712152], [-1.7768880264349, 53.4695405064656], [-1.77694936818893, 53.4696385660488], [-1.776968674296, 53.469675443517], [-1.77700553254735, 53.4698238678264], [-1.77703991809547, 53.4698751502478], [-1.77713596452405, 53.4699633898226], [-1.77734304573044, 53.4701004493607], [-1.77798951491802, 53.4703677184993], [-1.77804023910635, 53.4704540765456], [-1.77807707264834, 53.4706078017932], [-1.77817686065003, 53.4708372142069], [-1.77825151267687, 53.4709560545757], [-1.77826257317033, 53.4711456747027], [-1.77824734364153, 53.4711842856856], [-1.77822440562651, 53.471248042621], [-1.77816956908353, 53.4713549619222], [-1.77809785244586, 53.4715309506639], [-1.77803850186746, 53.4716459483676], [-1.77795450120291, 53.471866843481], [-1.77794442321988, 53.472061007586], [-1.77798439030938, 53.4722094363944], [-1.77798576000887, 53.4722328023832], [-1.77797285886048, 53.4723963199197], [-1.77796944670972, 53.4724789831544], [-1.77822850154701, 53.4727760835157], [-1.7782971849361, 53.4728967104353], [-1.77836628050083, 53.4729381730855], [-1.77847143033171, 53.4729976737127], [-1.77851332437199, 53.4730390859643], [-1.77851622847883, 53.4730777296013], [-1.77850999730068, 53.4731055739079], [-1.77846842620782, 53.4732888973369], [-1.77848686589615, 53.4734929986802], [-1.77855432786464, 53.4735623140224], [-1.7787688204917, 53.4737594988411], [-1.7789019677125, 53.4739296660344], [-1.77891687742148, 53.4739530569979], [-1.77901999795403, 53.4741168785735], [-1.77905865119605, 53.4742086041765], [-1.77906318250375, 53.4742211926421], [-1.77909931098514, 53.4742248537216], [-1.77918969008272, 53.474234904866], [-1.77966453479337, 53.4744596154864], [-1.78019936866003, 53.4747590161036], [-1.78062633285909, 53.4749242381371], [-1.78080845688709, 53.4749695007521], [-1.7810929795926, 53.4750068625456], [-1.78134289429615, 53.4750586281512], [-1.78152964791807, 53.4750733457905], [-1.78213671120879, 53.4750744514577], [-1.78226624062478, 53.4750809770276], [-1.7824827435966, 53.4751811132714], [-1.78263340062956, 53.4751858791353], [-1.78297933451789, 53.475288046048], [-1.78338415405229, 53.4753895095001], [-1.78364002374641, 53.4754438867848], [-1.78391114890538, 53.4754542606817], [-1.78411744775073, 53.4754609227064], [-1.78447747519586, 53.4754795423302], [-1.78493086167309, 53.4755091118534], [-1.78515374410052, 53.4755283819641], [-1.78533609004059, 53.4755062442724], [-1.78548377902076, 53.4755083056143], [-1.78560959318225, 53.475661289754], [-1.78570271699122, 53.4757190546638], [-1.78590162885714, 53.4757131202893], [-1.78617889837085, 53.4756875573847], [-1.78637112314421, 53.4755287615107], [-1.78637328448444, 53.475394877516], [-1.78644580638811, 53.4753499877463], [-1.78659945909782, 53.4753521491237], [-1.7867015488599, 53.475430507171], [-1.78679781457071, 53.4754567366837], [-1.78719707914956, 53.4754538530766], [-1.78728458195868, 53.4754189637888], [-1.78758704393731, 53.4754976767126], [-1.78770453005586, 53.4755032761941], [-1.78778006143723, 53.4754773509867], [-1.7879019759305, 53.4754919446769], [-1.78815959376913, 53.4754959949658], [-1.78829081636488, 53.475462081083], [-1.78850359964012, 53.4753887731022], [-1.78861666450207, 53.4753844793869], [-1.78874008121589, 53.4754215394696], [-1.78891575386911, 53.47554225805], [-1.78920041648588, 53.4755535426325], [-1.78937500515753, 53.4755924888649], [-1.7900227414394, 53.4756097996138], [-1.79023206903562, 53.4756326309335], [-1.79043215569628, 53.4756905803007], [-1.79046828199152, 53.4756951367718], [-1.79070631276659, 53.475691059587], [-1.79079807459054, 53.475724466891], [-1.79080239184771, 53.4757810848848], [-1.79070885295133, 53.4758060817064], [-1.79058069674191, 53.475822931122], [-1.79051879778242, 53.4758300117851], [-1.79052315152797, 53.4758794409662], [-1.79058178931221, 53.4759038048519], [-1.790616399254, 53.4759137498422], [-1.79074890975319, 53.4759211702589], [-1.79090066308802, 53.4760068902117], [-1.79102869632774, 53.4760152004395], [-1.79108923633699, 53.4759559100851], [-1.79108201926855, 53.4758822136676], [-1.79107317284892, 53.4758624301522], [-1.79103435102889, 53.4757743017348], [-1.79110661271706, 53.4757816157479], [-1.79125369693973, 53.4759076731383], [-1.79135303060271, 53.4759419920433], [-1.79141305009645, 53.4759889133029], [-1.79143551348466, 53.476018604993], [-1.79141110694099, 53.476081463001], [-1.79134286754299, 53.4761658104236], [-1.79133798474612, 53.4762242100396], [-1.79151587239111, 53.4762245197476], [-1.7916337389607, 53.4761528377553], [-1.79161323717605, 53.4760270010933], [-1.79166158969429, 53.4759956358396], [-1.79172622518383, 53.4760128207075], [-1.79173667537725, 53.4760353034682], [-1.79176054563582, 53.4760820709209], [-1.79172244563842, 53.4761763554381], [-1.79171604310058, 53.4762662017776], [-1.79176238559013, 53.4763409548852], [-1.7918795644732, 53.4764103490579], [-1.79199217614894, 53.476473445135], [-1.79217737950072, 53.4765025203015], [-1.79222247880509, 53.4765268607906], [-1.79228702771828, 53.476562016516], [-1.79228224012003, 53.476626796264], [-1.79232720822522, 53.4766780934548], [-1.79233016362361, 53.476683489792], [-1.79241746872805, 53.4767141925119], [-1.79250204945058, 53.4766667142501], [-1.79251738810889, 53.4766037504384], [-1.79251740561244, 53.4766001560264], [-1.79251750187535, 53.4765803881083], [-1.79250260564374, 53.4765525065036], [-1.79249964585954, 53.4765480080994], [-1.79250737495564, 53.4764914110406], [-1.7925917932887, 53.4764771803511], [-1.79270473823315, 53.4764980427574], [-1.79276492938771, 53.4765098281567], [-1.79283406241146, 53.476547688022], [-1.79285931637918, 53.4766160251958], [-1.79285935666997, 53.4766161052619], [-1.79288627717407, 53.4766673791251], [-1.79289057858566, 53.4767024312502], [-1.79292801854874, 53.4767438307075], [-1.79303498943371, 53.4767413199477], [-1.79322325333558, 53.4767542251361], [-1.7933015385881, 53.4767750271493], [-1.79336306065091, 53.4768200624589], [-1.79336763569229, 53.4768245627285], [-1.7934230012635, 53.4768839651567], [-1.79341365928497, 53.4769658095685], [-1.79337870509006, 53.4770268521075], [-1.79336186178535, 53.4770672589571], [-1.79342043312516, 53.4771059990963], [-1.79358906578698, 53.4771458268206], [-1.79401042454534, 53.4772526739218], [-1.79411277371849, 53.4772555463621], [-1.79423344220528, 53.4772466781357], [-1.79431922100726, 53.4772594945143], [-1.79434447797196, 53.4773287284069], [-1.79434902280746, 53.4773395195339], [-1.79429401541457, 53.4774885894881], [-1.79430396216597, 53.4776153953514], [-1.79437155186172, 53.4776649329294], [-1.79447525282246, 53.4777226201411], [-1.79460466660133, 53.4777551911553], [-1.79465422751258, 53.4777822330762], [-1.79471421038725, 53.4778380474682], [-1.794729983463, 53.4779936188023], [-1.79476584814471, 53.4780529862818], [-1.79490889006316, 53.4780936671277], [-1.79505935597715, 53.4781145924228], [-1.79527179532059, 53.4781392169885], [-1.79535736906696, 53.4781951646644], [-1.79534967959261, 53.4782185149483], [-1.79531298079432, 53.4783325710442], [-1.79531874416521, 53.4783999746398], [-1.79533672677403, 53.4784062954077], [-1.79539091180275, 53.4784279537063], [-1.79566513401114, 53.4784185372263], [-1.79584419960377, 53.4784862362412], [-1.7958982700537, 53.478506096444], [-1.79598721361655, 53.478507146768], [-1.79608047538952, 53.4785406424306], [-1.79614801273035, 53.4786018610624], [-1.79632411045141, 53.4786407996767], [-1.79645934183295, 53.4787048278997], [-1.79654944279904, 53.4787759691207], [-1.79670721597653, 53.4788545029844], [-1.79684699703222, 53.4789284229726], [-1.79702937811467, 53.4789269353133], [-1.79712437183418, 53.4789100228361], [-1.79728274832483, 53.4788617682088], [-1.79736867816007, 53.4788700003874], [-1.79747835833616, 53.478925898318], [-1.79758086245935, 53.4789233750369], [-1.79770451503836, 53.4788885401082], [-1.79785562072998, 53.4788015425487], [-1.7983278066268, 53.4786747405807], [-1.79887291489064, 53.479073816465], [-1.80048551574758, 53.4802818643636], [-1.80143009642957, 53.4809625497659], [-1.80039437301986, 53.4810825858532], [-1.79915053085348, 53.4812333091186], [-1.79764279343628, 53.4814240215827], [-1.79643662386514, 53.4815702860526], [-1.79567526454057, 53.481654379339], [-1.79504962566579, 53.4817162291571], [-1.79424329460503, 53.4817508004862], [-1.79370836731198, 53.4817498806195], [-1.79309785807786, 53.4817982637537], [-1.79264554386368, 53.4818514118413], [-1.79208019338314, 53.4819088562721], [-1.79144659331496, 53.4820560626916], [-1.79125788495301, 53.4821276408041], [-1.79085035127855, 53.4822662493884], [-1.79028390872328, 53.482543897858], [-1.78989072723149, 53.4828263417938], [-1.78939925968372, 53.4831760242682], [-1.78883234993648, 53.4835435484406], [-1.78832601988033, 53.4838482597526], [-1.78779716831304, 53.4841349524355], [-1.78757817172247, 53.4842334365067], [-1.78695920881159, 53.4844570468019], [-1.78671020488437, 53.4845285107052], [-1.78601624711081, 53.4846800753733], [-1.78563168324192, 53.4847378121488], [-1.78487787148565, 53.4848038733919], [-1.78446341617176, 53.4848121166798], [-1.78364229090068, 53.4847791769719], [-1.78363475618131, 53.4847791633615], [-1.78310011149665, 53.4847152777865], [-1.78171450841353, 53.4845599583373], [-1.78053265212195, 53.4843465719821], [-1.77916311838939, 53.4840024968007], [-1.77835806432826, 53.4837807948317], [-1.77707874511748, 53.4834818049682], [-1.77598031765965, 53.4831741519547], [-1.77543097246321, 53.4830463876082], [-1.77542340961942, 53.4830517664356], [-1.77503298182594, 53.4829196610221], [-1.77464874470967, 53.4827896494753], [-1.77424456503804, 53.4826300337387], [-1.77409988045211, 53.4825728952828], [-1.77407732515962, 53.4825638643956], [-1.77399461455342, 53.4825322491487], [-1.77395699067624, 53.482523189805], [-1.77386667434796, 53.4825050426341], [-1.77376875217599, 53.4825003635482], [-1.77353537972977, 53.4824639691484], [-1.77333204920378, 53.4824456078404], [-1.77302326264852, 53.4824225522191], [-1.77272193877738, 53.4824129924797], [-1.77247342711373, 53.482390049796], [-1.77228509389496, 53.4823851977136], [-1.77199862251211, 53.4824161119439], [-1.77162924932208, 53.482451361622], [-1.77146349471576, 53.482451045466], [-1.7713203671426, 53.4824462781101], [-1.77129022994548, 53.4824462205664], [-1.77110201738271, 53.4824188959848], [-1.77103428121388, 53.4824052839963], [-1.77068067764591, 53.4823102298685], [-1.77026692280303, 53.4821925884663], [-1.76964247911252, 53.4820251046879], [-1.76875478277555, 53.4817762145344], [-1.76828078965639, 53.4816539557491], [-1.7682138745793, 53.4816338361847], [-1.76811530734152, 53.4816041996104], [-1.76790484098469, 53.4815139086708], [-1.76786084201643, 53.481487492076], [-1.76785978315816, 53.4814868563462], [-1.76780719126621, 53.4814597894053], [-1.76779214752245, 53.4814552660798], [-1.76772441395196, 53.4814416522813], [-1.76740817727784, 53.4814050854714], [-1.76694889149679, 53.4813502629882], [-1.76684851703317, 53.4813300875229], [-1.7667682699083, 53.4813139581573], [-1.76657270360139, 53.4812551530615], [-1.76639969076476, 53.4812053799627], [-1.76613176571082, 53.4811018984616], [-1.76608392595419, 53.4810834212025], [-1.76602377695462, 53.4810608328846], [-1.7659410011809, 53.4810426945147], [-1.76577535098805, 53.4810243941129], [-1.76571507863225, 53.4810242762776], [-1.76545882213332, 53.48104175165], [-1.76544375403852, 53.4810417221542], [-1.76527034711112, 53.4810638534555], [-1.76512700187514, 53.4810995259676], [-1.76494578766288, 53.4811710774416], [-1.76492311103885, 53.4811845154849], [-1.76477964100654, 53.4812426582248], [-1.76463626992249, 53.4812828242816], [-1.76437978766936, 53.4813407445064], [-1.76427416103263, 53.4813675018172], [-1.76412335449778, 53.4813896759279], [-1.76410072728109, 53.4813941255602], [-1.76398015663193, 53.4813983823045], [-1.76388223812018, 53.481393695212], [-1.7637617671614, 53.481379975222], [-1.76362635278226, 53.481343754743], [-1.76342251868578, 53.4812856669908], [-1.76334050648731, 53.4812622953015], [-1.76311495885097, 53.4811764602156], [-1.76300968192663, 53.481140298606], [-1.76288177799005, 53.4811085863039], [-1.76288087766735, 53.4811084496968], [-1.76285166678225, 53.4811040325316], [-1.76277637627534, 53.4810948951319], [-1.76267843355629, 53.4810947011769], [-1.76260304290441, 53.4811035401845], [-1.76252760210583, 53.4811213674032], [-1.76238417916657, 53.4811705190278], [-1.76222571283155, 53.4812151464514], [-1.76214271249938, 53.4812374526069], [-1.76206429145236, 53.4812497601608], [-1.76202207051227, 53.4812542504862], [-1.76196031915687, 53.4812550266579], [-1.76189847789761, 53.4812495125657], [-1.76181421074035, 53.4812331705289], [-1.76172553677099, 53.4812051383972], [-1.76164735442821, 53.4811672425717], [-1.76156332396662, 53.4811086672223], [-1.76124770154205, 53.4809633674574], [-1.76118015583731, 53.4809119245829], [-1.76112766089129, 53.4808794708254], [-1.76107351040574, 53.4808542026333], [-1.76100283135613, 53.4808298002826], [-1.76091858555322, 53.4808098632006], [-1.76065056548344, 53.4807724865753], [-1.76051643649985, 53.4807641308185], [-1.76028895956294, 53.4807636759086], [-1.75960136015489, 53.480841373335], [-1.75914501689421, 53.4808224854768], [-1.75896261129063, 53.4808266110283], [-1.7588526070599, 53.4808362741705], [-1.7587092443821, 53.4808566533747], [-1.75854482464817, 53.4808877724154], [-1.75823406317388, 53.4809609186315], [-1.75808172475535, 53.4809866701974], [-1.75767303393796, 53.4810424548027], [-1.75754949228401, 53.4810511905337], [-1.7574605429372, 53.4810501116634], [-1.75734754338255, 53.4810399983498], [-1.75723619502858, 53.4810235991143], [-1.75673359228051, 53.480902978635], [-1.75663218760937, 53.4808811152183], [-1.75655450764113, 53.480862199573], [-1.7562083547629, 53.4807895887402], [-1.75581702492897, 53.4807123906387], [-1.7555536450358, 53.4806579233081], [-1.75544068704038, 53.4806487044039], [-1.75536539894698, 53.48063956232], [-1.75495090128677, 53.4806611861313], [-1.75467965233506, 53.4806651251832], [-1.75435576919233, 53.480650978964], [-1.75419763359462, 53.480637172054], [-1.75400941414757, 53.4806143147925], [-1.75384025824562, 53.4805840387519], [-1.75354450050868, 53.480498299988], [-1.75313943399034, 53.4803528385339], [-1.75288893946082, 53.4802524738184], [-1.7526257750121, 53.4801620469176], [-1.75240760588329, 53.4801076659398], [-1.7521968665844, 53.4800712766822], [-1.75154945207744, 53.4799845460887], [-1.75108279950756, 53.4799071778423], [-1.75049560734899, 53.4798295574529], [-1.75026213771294, 53.4798155893342], [-1.74997595784962, 53.4797970167766], [-1.74974991675785, 53.4798010398954], [-1.7493051301825, 53.4798495478336], [-1.74911670496407, 53.4798626367099], [-1.74896624020899, 53.4798263685544], [-1.74858273135732, 53.479704222559], [-1.74825177524206, 53.4796136449059], [-1.74795066305785, 53.4795725651502], [-1.74775499768277, 53.4795362004937], [-1.74734114664426, 53.4794499401974], [-1.74726610143264, 53.4794337738498], [-1.74723580737799, 53.4794272473926], [-1.74710810715531, 53.47936405959], [-1.74694327274045, 53.4792109093706], [-1.74691335153408, 53.4791748926809], [-1.74688149917034, 53.4791509675963], [-1.74685334898999, 53.4791298241319], [-1.746748197857, 53.4790756718784], [-1.74665047373442, 53.4790395120053], [-1.74658280427057, 53.4790168981216], [-1.74647743973438, 53.4789986987653], [-1.74625907015466, 53.4789802604138], [-1.7460632481876, 53.4789708577782], [-1.74595777675541, 53.4789706345345], [-1.74574659241477, 53.479010635068], [-1.74564854720037, 53.4790284040938], [-1.74551291403781, 53.4790326107263], [-1.74546017824698, 53.4790324988746], [-1.74506874950616, 53.4789777375011], [-1.74501604069407, 53.4789731313065], [-1.74486542107343, 53.4789638227465], [-1.74479008435558, 53.4789636625409], [-1.74464683680261, 53.4789813346038], [-1.74458651349604, 53.4789901946258], [-1.74445822525687, 53.4790258751216], [-1.7442619986591, 53.4790838817322], [-1.74389206391021, 53.479213424692], [-1.74364304548211, 53.4792803060446], [-1.74362797802742, 53.479280273855], [-1.74355253249795, 53.4792980894689], [-1.74334912177828, 53.4792976545962], [-1.74332654767563, 53.4792931121077], [-1.74312321831242, 53.4792791944052], [-1.74294072334943, 53.4792452687358], [-1.74292755846, 53.4792428217512], [-1.74279964808006, 53.4792155824174], [-1.74276181810904, 53.4792023099304], [-1.74261921919599, 53.4791522766483], [-1.74237860287597, 53.4790753587666], [-1.74227856232397, 53.4790306917272], [-1.74211563134713, 53.4789579444624], [-1.74205557977436, 53.4789218617132], [-1.74198059714335, 53.4788632757806], [-1.74194344633399, 53.4787778059147], [-1.74183909247216, 53.4785933188486], [-1.74174975215017, 53.478417852406], [-1.74174227308764, 53.4784088478874], [-1.7416001169623, 53.4782467502361], [-1.74155521573126, 53.4781972172043], [-1.74153797631657, 53.4781844659441], [-1.74145771635735, 53.4781250997585], [-1.74142771871581, 53.4781025640539], [-1.7413676416447, 53.4780709750758], [-1.74130751006132, 53.4780483743699], [-1.7412322842274, 53.4780302352855], [-1.74108925695426, 53.47801194984], [-1.74103654978138, 53.4780073418623], [-1.7409818861402, 53.4779993904376], [-1.74084837639276, 53.4779799702367], [-1.7407463140446, 53.477954517407], [-1.74071599916829, 53.4779500161013], [-1.74061813720509, 53.4779246441452], [-1.74054301933585, 53.4778975245149], [-1.74049038049994, 53.4778713514105], [-1.74043184546324, 53.4778343830083], [-1.74024596513338, 53.4776973062366], [-1.74010959600404, 53.4775694111492], [-1.74002438105443, 53.4774667880765], [-1.73992899642992, 53.4773925175537], [-1.73976052397851, 53.4772405640923], [-1.73973803375714, 53.4772225384348], [-1.73967801413894, 53.4771819602507], [-1.73961791219816, 53.4771548645], [-1.73954271616254, 53.4771322301556], [-1.73939218681743, 53.4771094320986], [-1.73924157507787, 53.4771001163166], [-1.73912857502059, 53.4770998705889], [-1.7388572922107, 53.4771127628756], [-1.73878207585298, 53.4771180820262], [-1.73854828734618, 53.4771345607593], [-1.7385030596915, 53.4771389563763], [-1.73843512157604, 53.4771612793196], [-1.73842758822845, 53.4771612628904], [-1.7383671557773, 53.4771880963826], [-1.73818558165349, 53.4773135382556], [-1.73807721383246, 53.4773954002287], [-1.73806445932014, 53.4774013299108], [-1.73780548042849, 53.4776174132478], [-1.7377496217141, 53.4776505393598], [-1.73778817793776, 53.4777440764225], [-1.73769065268018, 53.4779263662044], [-1.73760725077581, 53.478014245309], [-1.73759005449486, 53.478103257032], [-1.73745862828411, 53.4781622769711], [-1.73730012419891, 53.4782203377357], [-1.73724414074965, 53.4782534624585], [-1.73723842314691, 53.4784350550217], [-1.737027781574, 53.4786475583309], [-1.73692644053028, 53.478943959102], [-1.73685091228322, 53.4789833318113], [-1.73683311016711, 53.4791702882282], [-1.73671974958436, 53.4792401295789], [-1.73645712377882, 53.4792997584842], [-1.73633908669309, 53.4793822584242], [-1.73632530070473, 53.4794217664779], [-1.73645909868888, 53.479723176714], [-1.73649362674024, 53.4797448185007], [-1.73650642842137, 53.4798643586832], [-1.73659276945331, 53.4800254853139], [-1.7365951522516, 53.4801423060741], [-1.73645029711613, 53.480402668016], [-1.73645808109141, 53.4806103485718], [-1.73658532799387, 53.4807463146601], [-1.73668234248231, 53.480889403224], [-1.73677396683654, 53.4809400149398], [-1.7368764293176, 53.4809456308651], [-1.73696957106309, 53.4809916625475], [-1.73699147168971, 53.4811067301399], [-1.73703178195005, 53.4811580372533], [-1.73706938925284, 53.481184178905], [-1.73714745386104, 53.4812175971948], [-1.7372996672182, 53.4812143368403], [-1.73738231621166, 53.481249651677], [-1.7374015021208, 53.4813215804365], [-1.73744786737998, 53.4813782928008], [-1.73765516057824, 53.4814892722607], [-1.73767118003426, 53.4815711685049], [-1.73761798790064, 53.4816546212926], [-1.73761887456488, 53.4817525683642], [-1.73753559235754, 53.4818197806689], [-1.73752437823213, 53.4819258789604], [-1.73740642511439, 53.4819939133204], [-1.73740159093088, 53.4820325422148], [-1.73722101853532, 53.4822416072319], [-1.7372201089689, 53.4823889732728], [-1.73718368319163, 53.4824329242737], [-1.73697057582474, 53.4825385813225], [-1.7368795560309, 53.4826309357801], [-1.73681276038165, 53.4827035750149], [-1.7367241559493, 53.4829074496493], [-1.73656468105616, 53.4830993975176], [-1.73654557030638, 53.4832764663687], [-1.73648136093992, 53.4834327691556], [-1.73645530348909, 53.4834875261325], [-1.73638546391041, 53.4835700430567], [-1.73629016144405, 53.483630937232], [-1.73620542764236, 53.4836909566656], [-1.73611597802976, 53.4837896951102], [-1.73612641446552, 53.4840503983469], [-1.73615298737308, 53.4841331261889], [-1.73614755133655, 53.4842885703641], [-1.73603501837767, 53.4844429693465], [-1.73596557381716, 53.4847017001995], [-1.73582964110447, 53.4847625056741], [-1.73579470777667, 53.484805560806], [-1.73577248622766, 53.4849825331273], [-1.73561029101916, 53.4853705464084], [-1.7356049421214, 53.4855116128251], [-1.73550468560129, 53.4856291965134], [-1.73550017345072, 53.4858753999464], [-1.73538165400789, 53.486032481712], [-1.73539137708642, 53.4861672911973], [-1.73549031074327, 53.486262849535], [-1.73548234528172, 53.4863248343062], [-1.73540751806331, 53.4864891104732], [-1.73538567886341, 53.4866041720227], [-1.73527320608549, 53.4867476980518], [-1.73520059852543, 53.4867942644854], [-1.73505247570857, 53.4868757993114], [-1.73482617777103, 53.487139484938], [-1.73472872027568, 53.4873055985682], [-1.73456097284756, 53.4873852023042], [-1.73441175312748, 53.4873830761132], [-1.7343031030145, 53.4874106922505], [-1.73423610555105, 53.4875139716029], [-1.73423556132542, 53.4876011331729], [-1.73415991407747, 53.4876566790938], [-1.73399814030818, 53.4877344984512], [-1.73399397238257, 53.4879241805224], [-1.73383188260973, 53.4880523198752], [-1.73375340902701, 53.4880629296319], [-1.73364196134844, 53.4880608860895], [-1.73357851070062, 53.4880930940809], [-1.73358087389939, 53.4881920342502], [-1.73354585105791, 53.4882485677031], [-1.73353784449673, 53.488316842385], [-1.73341927712248, 53.4884793136783], [-1.73312880214122, 53.4886700685996], [-1.73306042052149, 53.4887553727083], [-1.73302074204168, 53.4888208814205], [-1.73302192925734, 53.4888891764698], [-1.73308966859228, 53.4888866311757], [-1.73309203649555, 53.489004351812], [-1.73299293387504, 53.4891731559756], [-1.73285680202218, 53.4892627120839], [-1.7326908627173, 53.4895275169225], [-1.73259639499894, 53.4896900409339], [-1.73239375606234, 53.4897830431117], [-1.73234075790402, 53.4898323481468], [-1.73233597395151, 53.4898817595645], [-1.73235524065354, 53.4899204410653], [-1.73235004926323, 53.4900346402831], [-1.73234938243706, 53.4901406718805], [-1.73241643949117, 53.4902666233443], [-1.73241117962503, 53.4903718366584], [-1.73231716165655, 53.490462384671], [-1.7323135403524, 53.4905639172614], [-1.73206169710443, 53.4908330223918], [-1.73198288405881, 53.4908966458687], [-1.73173335431491, 53.4910345619385], [-1.73120189127948, 53.4911870337199], [-1.73106434775518, 53.4912424393201], [-1.73092099851601, 53.49127276031], [-1.73075051423277, 53.4912903502774], [-1.73052739748313, 53.4912988363454], [-1.7303659519463, 53.4913218381823], [-1.73030594358289, 53.491280368486], [-1.73003915226252, 53.4912977414487], [-1.7298012347025, 53.4912494920413], [-1.72963882777812, 53.4911889224819], [-1.72951679123145, 53.4911895460379], [-1.72938531312469, 53.4912485569293], [-1.72926117571928, 53.4913256464777], [-1.72890697847041, 53.4913302399001], [-1.7281202262637, 53.4913311595826], [-1.7276726371392, 53.4913265524405], [-1.72742835478443, 53.4913412749088], [-1.72714019964078, 53.4913954357145], [-1.72689857069383, 53.4914613828698], [-1.72662250502472, 53.4914904085298], [-1.72626817470029, 53.4915156618599], [-1.72569997623145, 53.4915215561893], [-1.72555526790952, 53.4915113414507], [-1.72527538650967, 53.491457685873], [-1.72515780653283, 53.4914610116932], [-1.72499614692943, 53.4915163543046], [-1.72487390445782, 53.4915295537761], [-1.72450617751069, 53.491531407571], [-1.72427884116176, 53.491500334839], [-1.72411134760472, 53.4915161245087], [-1.72373128139152, 53.4915620682909], [-1.72339971156333, 53.4915649005857], [-1.72319933729166, 53.491553656998], [-1.72306672541636, 53.4915370870899], [-1.72280754949395, 53.4915293009971], [-1.72271072426195, 53.4915893731591], [-1.72264224727967, 53.4916853637387], [-1.72263597876778, 53.4917320766105], [-1.72252998203834, 53.4918073134484], [-1.72240759728448, 53.4918420751477], [-1.722163474832, 53.4918504971163], [-1.72185428226598, 53.4918705402618], [-1.72178782987385, 53.4919036338966], [-1.72143006927075, 53.4919773890827], [-1.72142323900632, 53.4921094647748], [-1.72161907405179, 53.492340046784], [-1.72164582379929, 53.4924110976554], [-1.72165603515197, 53.4924650357884], [-1.72165251521846, 53.4925280186696], [-1.7216023898652, 53.4925917026227], [-1.72150418808184, 53.4926337092445], [-1.72123869878986, 53.4926591524981], [-1.72094344796603, 53.4926369017195], [-1.72069530608989, 53.4925563518194], [-1.72051785205539, 53.4924984296392], [-1.72034470273371, 53.4924664866247], [-1.72017609589162, 53.4924238603749], [-1.72003803167461, 53.4923480576353], [-1.71980522001478, 53.492449954902], [-1.71965084027486, 53.4925494279503], [-1.71959142677961, 53.492645437927], [-1.71956425664523, 53.4928835908545], [-1.71951871967198, 53.4929293122374], [-1.71941751531483, 53.4929551354337], [-1.71928181547031, 53.4929727902157], [-1.7191488383069, 53.493011119235], [-1.71891280002376, 53.4931490401029], [-1.71882027491646, 53.4932341888453], [-1.7185815135912, 53.49333247533], [-1.71815559457112, 53.4934681524667], [-1.71787147720591, 53.4935843026483], [-1.71769154846395, 53.4936557671955], [-1.71755369826408, 53.4937723498552], [-1.71725556598046, 53.4939396854048], [-1.71705016486853, 53.4940101902379], [-1.71672106732618, 53.4940867833373], [-1.71664409298961, 53.4940937909102], [-1.71640450200475, 53.4940914292208], [-1.71607597294494, 53.4940825660427], [-1.7159925108932, 53.4941677348771], [-1.7159401870044, 53.4943356466499], [-1.71592724563906, 53.4944498268486], [-1.71589900770385, 53.4946213899819], [-1.71584813248334, 53.4947956860232], [-1.71583219710631, 53.4951533758473], [-1.71577677018269, 53.4953204721294], [-1.71575682674277, 53.4953662525612], [-1.71566118739699, 53.4954693638566], [-1.7153388807486, 53.4956618877781], [-1.7148292396082, 53.4959158781418], [-1.71456004895854, 53.496044725967], [-1.71401710499193, 53.4963148992873], [-1.7138413702901, 53.4964438769727], [-1.71365442772668, 53.4966681690139], [-1.71362176915551, 53.4968118649574], [-1.71363290957421, 53.4969476682015], [-1.71366117741425, 53.4970133322771], [-1.71370722561337, 53.4971149825644], [-1.71380458641164, 53.497200669271], [-1.71404054723986, 53.4973018724925], [-1.71418623195484, 53.4973911792987], [-1.714212975576, 53.4974433605473], [-1.71413878773795, 53.4977191410008], [-1.71406551700521, 53.4978583370375], [-1.7139865793761, 53.4979345294561], [-1.71380650744474, 53.4980419316856], [-1.71336470299534, 53.498275499996], [-1.71309876547284, 53.498379999893], [-1.71274803623133, 53.4985248237272], [-1.71248357675695, 53.4986122531457], [-1.71229309359326, 53.4986962645472], [-1.71228800965405, 53.4987862005977], [-1.71237456484245, 53.4989077174705], [-1.712621513128, 53.4991680891531], [-1.71280292594667, 53.499544221384], [-1.71280239204973, 53.499623295895], [-1.71275808204798, 53.4997059501922], [-1.71269149500074, 53.4997561119688], [-1.71258730518879, 53.4997792257036], [-1.71243818286107, 53.4997564043399], [-1.71228172937425, 53.4997146958178], [-1.71211902943054, 53.4996963339844], [-1.71201648242783, 53.4996969872502], [-1.71195010141107, 53.4997165974067], [-1.71184692737289, 53.4998098029759], [-1.71173979006679, 53.5000477613461], [-1.71146707520557, 53.5002510863167], [-1.71114202423036, 53.5006017422772], [-1.71101408659981, 53.5007902276055], [-1.71099226934997, 53.5009096869842], [-1.7110502913392, 53.5010231380358], [-1.71107056490902, 53.5011310172162], [-1.71104912594304, 53.5011947645938], [-1.7110094090154, 53.5012594576642], [-1.7108900519771, 53.5013005057814], [-1.71075582665703, 53.5013163567356], [-1.71033705338005, 53.5012632310813], [-1.71020468820986, 53.5012250816742], [-1.70990755318179, 53.5012342497311], [-1.70985477820803, 53.501244904902], [-1.7097082839449, 53.501273396052], [-1.70959027698843, 53.5013351141167], [-1.70950701482808, 53.5013870305487], [-1.70938780476228, 53.5014065116166], [-1.70911494931685, 53.5014094462977], [-1.70889978077635, 53.5013559082533], [-1.70869514767511, 53.5012889181011], [-1.70846602583153, 53.5012946528711], [-1.7082575785588, 53.5013489604739], [-1.70809590875656, 53.5013970920906], [-1.70788039143087, 53.5013947709876], [-1.70758809970184, 53.501368002148], [-1.70727905580846, 53.5013555678937], [-1.70707975324192, 53.5013991132055], [-1.70685019868382, 53.5014677448335], [-1.7064163981159, 53.5016294200278], [-1.70619588304109, 53.5016845943425], [-1.70606619739867, 53.5016905674736], [-1.70594585266563, 53.50165792386], [-1.70578657880596, 53.5015748640573], [-1.70575542356716, 53.5015144925447], [-1.70573265937257, 53.5013194445775], [-1.70574261553644, 53.5011738078753], [-1.70570238779879, 53.5011135040207], [-1.70560757553637, 53.5010917059615], [-1.70546730057955, 53.5011012469714], [-1.70533435941208, 53.5011467487212], [-1.70509958664888, 53.5013044143773], [-1.70492704327507, 53.5013965448862], [-1.70488440875213, 53.5014503555369], [-1.70472691567159, 53.5015587881668], [-1.70466170742176, 53.5016233258189], [-1.70444532732586, 53.5017270302188], [-1.70410533776832, 53.5018385169782], [-1.70392748135258, 53.5018362823437], [-1.70381010102207, 53.5018063395002], [-1.70358095844476, 53.5018147605142], [-1.7033047908741, 53.5018464286825], [-1.70330820692673, 53.5019983874425], [-1.70329582989099, 53.5020441853144], [-1.70329430758816, 53.5020486739755], [-1.70327746237879, 53.5020935619756], [-1.7032560175881, 53.5021384386211], [-1.70323166604186, 53.5021725246674], [-1.70320737501841, 53.502197715008], [-1.70311925433893, 53.5022855589075], [-1.70298010302283, 53.5023651889001], [-1.70297542187595, 53.5023768595999], [-1.70296931690191, 53.5023966127748], [-1.70296917885109, 53.5024163815893], [-1.70296903452961, 53.5024370483325], [-1.70296902825285, 53.5024379471601], [-1.70297331445293, 53.5024649158515], [-1.70298070926572, 53.502491891323], [-1.70299258418895, 53.502518069801], [-1.70299698962832, 53.5025279652609], [-1.70304136627835, 53.5028660326723], [-1.70298403959311, 53.5028694855491], [-1.70298234629538, 53.5028982362541], [-1.70221200376032, 53.5029035188887], [-1.70200829823395, 53.5029173920968], [-1.70168518155962, 53.5029956665885], [-1.70143897744929, 53.5030606521453], [-1.7013272675426, 53.5030729548735], [-1.70120645553095, 53.5031068008221], [-1.70108876364153, 53.5031209751318], [-1.7009320324887, 53.5031187885425], [-1.70070742214783, 53.5031001682048], [-1.70046505254827, 53.5030618239209], [-1.70022121776245, 53.503001908644], [-1.69985848197739, 53.5029165365409], [-1.69956361571844, 53.5028313329715], [-1.69952304162351, 53.5028033755071], [-1.69945681512277, 53.5027996154792]]]]}, "properties": {"LAD24CD": "E08000019", "LAD24NM": "Sheffield"}}]}